-- Generated MySQL import for Namaste Bharat
-- Source files: data/db.json, data/auth.json
SET NAMES utf8mb4;
SET FOREIGN_KEY_CHECKS = 0;
INSERT INTO users (id, full_name, phone, email, password_hash, email_verified_at, last_login_at, created_at, updated_at) VALUES
  ('108174b8-e68e-4896-8202-97d87820f5a7', 'Test User', '+919876543210', 'testuser1992402056@example.com', 'scrypt$64$f9d374e4f84ab72d4fe1ed87c15e717a$6e62a22edbe22f8dc53f0ea13c78f0eea7df156ae3d99727414882861546b3e1ba7b2853737240d331ec6b49c925a709dcdde6ee9b969945ba7e857104caa743', NULL, '2026-02-15 09:44:38', '2026-02-15 09:44:38', '2026-02-15 09:44:38'),
  ('3d4b1e39-ce51-4b00-b565-8696c3386214', 'Client Tester', '+919898989898', 'acct1459790209@example.com', 'scrypt$64$aeb64e97e6144dec8e117815019e9e7d$f1e9d8e8cddc50491986a81fdc3aacfea870e2b65e749e678e889b636c1351e07d48625059b47a9025b2055cc894c029a13e61617163eb4f68df9fdcd688c09f', NULL, '2026-02-15 09:48:17', '2026-02-15 09:48:17', '2026-02-15 09:48:17'),
  ('7ba0d6d6-4b8b-44e4-8e59-5bd047f0114f', 'Admin User', NULL, 'admin@namastebharat.local', 'scrypt$64$ae32df0f079046d706aeb1272493f0ae$3e8f7546bf027cea822a25a54fdcea9ef21a803c8b1acf299df9ff8cf784b015c2d5a1e26b61d38edf623acdd111c7d453ab997c16d17789ae9f432b32dcf0bd', NULL, NULL, '2026-03-26 18:00:00', '2026-03-26 18:00:00')
ON DUPLICATE KEY UPDATE
  full_name = VALUES(full_name),
  phone = VALUES(phone),
  email = VALUES(email),
  password_hash = VALUES(password_hash),
  email_verified_at = VALUES(email_verified_at),
  last_login_at = VALUES(last_login_at),
  created_at = VALUES(created_at),
  updated_at = VALUES(updated_at)
;

INSERT INTO profiles (id, full_name, phone, role, created_at, updated_at) VALUES
  ('108174b8-e68e-4896-8202-97d87820f5a7', 'Test User', '+919876543210', 'user', '2026-02-15 09:44:38', '2026-02-15 09:44:38'),
  ('3d4b1e39-ce51-4b00-b565-8696c3386214', 'Client Tester', '+919898989898', 'user', '2026-02-15 09:48:17', '2026-02-15 09:48:17'),
  ('7ba0d6d6-4b8b-44e4-8e59-5bd047f0114f', 'Admin User', NULL, 'admin', '2026-03-26 18:00:00', '2026-03-26 18:00:00')
ON DUPLICATE KEY UPDATE
  full_name = VALUES(full_name),
  phone = VALUES(phone),
  role = VALUES(role),
  created_at = VALUES(created_at),
  updated_at = VALUES(updated_at)
;

INSERT INTO user_sessions (token, user_id, created_at, expires_at) VALUES
  ('37773588f5b975378a7a8a2892e144cdba4ddb22165f137a1deba5983ba44185', '3d4b1e39-ce51-4b00-b565-8696c3386214', '2026-02-15 09:48:17', '2026-03-17 09:48:17')
ON DUPLICATE KEY UPDATE
  user_id = VALUES(user_id),
  created_at = VALUES(created_at),
  expires_at = VALUES(expires_at)
;

INSERT INTO businesses (id, name, category, tagline, description, locality, city, address_line_1, address_line_2, pincode, owner_name, established_year, email, website, rating, review_count, is_open_now, verified, listing_status, activated_at, rejected_reason, phone, whatsapp_number, service_areas, languages, keywords, highlights, services, business_hours, media, faqs, policies, social_links, verification, created_at, updated_at) VALUES
  ('8c9c975c-cda0-435f-8efb-9a844052391b', 'Ayushree entarprizess', 'Service', 'Owner: Ajinkya kulkarani', 'Bhadhakam vavsayik', 'C. Sambhajinagar', 'C. Sambhajinagar', 'house no13 Sai shardha enclave face 2 nashtrawadi', NULL, '431001', 'Ajinkya kulkarani', NULL, 'ajinkyakulkarni.kulkarni@gmail.com', NULL, 0, 0, 1, 1, 'active', NULL, NULL, '917741943094', '917741943094', '["C. Sambhajinagar"]', '[]', '["vendor-card","Ayushree entarprizess","service","bhadhakam","C. Sambhajinagar"]', '["Service"]', '[]', '[]', '{"coverImages":["/product-images/ayushree-entarprizess.png"],"gallery":["/product-images/ayushree-entarprizess.png"]}', '[]', '{}', '{}', '{}', '2026-02-20 11:52:04', '2026-02-25 05:42:23'),
  ('2b6d0401-bdb6-4cc3-80e7-0893fed952c9', 'SaP IT Solutions', 'Product Seller', 'Owner: Santosh Deshpande', 'Computers Laptops Sales Services, Rental, Antivirus Distribution, original Microsoft Windows and Microsoft Office, Computer Networking, CAD, Adobe softwares, Tally, Computer Networking & storage, backup solutions', 'Kothrud', 'Pune', 'Sr No 98, 5, Shweta Residency, Right Bhusari Opp Zcon, Kothrud Pune', NULL, '411038', 'Santosh Deshpande', NULL, 'sapitsolutions@yahoo.com', 'https://www.sapitsolutions.com', 0, 0, 1, 1, 'active', NULL, NULL, '919822042064', '919822042064', '["Pune"]', '[]', '["vendor-card","SaP IT Solutions","computers","laptops","antivirus","microsoft office","networking","pune","kothrud"]', '["Sales","Services","Rental","Backup solutions"]', '[]', '[]', '{"coverImages":["/product-images/sap-it-solutions.png"],"gallery":["/product-images/sap-it-solutions.png"]}', '[]', '{}', '{}', '{}', '2026-02-22 08:48:12', '2026-02-25 05:43:01'),
  ('67fcaa4c-e582-46ae-817b-028d0da034d5', 'SSJ Consultant.Pune', 'Other', 'Owner: Shobha Javalgikar', 'Business Consultant, Psycho Counselor & Translator English Hindi and Marathi vice versa.', 'Warje Highway', 'Pune', 'Warje Highway, Pune', NULL, '411058', 'Shobha Javalgikar', NULL, 'ssj.con11@gmail.com', NULL, 0, 0, 1, 1, 'active', NULL, NULL, '919881212012', '919881212012', '["Pune"]', '[]', '["vendor-card","SSJ Consultant.Pune","consultant","counselor","translator","other","pune"]', '["Business Consultant","Psycho Counselor","Translator"]', '[]', '[]', '{"coverImages":["/product-images/ssj-consultant-pune.png"],"gallery":["/product-images/ssj-consultant-pune.png"]}', '[]', '{}', '{}', '{}', '2026-02-22 08:55:42', '2026-02-25 05:43:05'),
  ('4b63fc06-e356-4963-8d7c-fa0d1c6ed370', 'SN Digital Marketing', 'Digital Marketing', 'Owner: Sneha', 'Graphic designer, Digital Marketing', 'Nashik', 'Nashik', 'Nashik', NULL, '411009', 'Sneha', NULL, 'snehasn@gmail.com', NULL, 0, 0, 1, 1, 'active', NULL, NULL, '919921265043', '919921265043', '["Nashik"]', '[]', '["vendor-card","SN Digital Marketing","digital marketing","graphic designer","service","nashik"]', '["Graphic Designer","Digital Marketing"]', '[]', '[]', '{"coverImages":["/product-images/sn-digital-marketing.png"],"gallery":["/product-images/sn-digital-marketing.png"]}', '[]', '{}', '{}', '{}', '2026-02-22 08:57:54', '2026-02-25 05:43:08'),
  ('432505a3-8a2a-40d4-bc84-9288b77509e2', 'Neerai Interiors and turnkey contractor', 'Interior Design & Turnkey', 'Owner: Harish N Hajare', 'Interior designs and turnkey contract services', 'Thane West', 'Thane (Mumbai), Maharashtra', 'Office no B 06 Surydashn tower Nitin company junction Eastern express Highway Ramchandra Nagar 1 Thane West 400604', NULL, '400604', 'Harish N Hajare', NULL, 'neeraiinteriors@gmail.com', NULL, 0, 0, 1, 1, 'active', NULL, NULL, '919594712517', '919594712517', '["Thane (Mumbai), Maharashtra"]', '[]', '["vendor-card","Neerai Interiors","interior design","turnkey contractor","service","thane"]', '["Interior Design","Turnkey Contractor"]', '[]', '[]', '{"coverImages":["/product-images/neerai-interiors-and-turnkey-contractor.png"],"gallery":["/product-images/neerai-interiors-and-turnkey-contractor.png"]}', '[]', '{}', '{}', '{}', '2026-02-22 09:00:20', '2026-02-25 05:43:11'),
  ('f9a95bf0-812e-4038-8a5e-d13cf0b850fd', 'We Buy', 'Computer Sales & Repair', 'Owner: Kalpesh waghmare', 'Laptop desktop sell repair', 'Pimpri Sai Chowk', 'Pimpri Chinchwad', 'V R MARKET, PIMPRI SAI CHOWK, SHOP NO 1, NEAR RAJ MOBILE', NULL, '411017', 'Kalpesh waghmare', NULL, 'kalpesh.waghmare@gmail.com', NULL, 0, 0, 1, 1, 'active', NULL, NULL, '918957575798', '918957575798', '["Pimpri Chinchwad"]', '[]', '["vendor-card","We Buy","laptop","desktop","sell","repair","product seller","pimpri"]', '["Laptop Repair","Desktop Repair","Sales"]', '[]', '[]', '{"coverImages":["/product-images/we-buy.png"],"gallery":["/product-images/we-buy.png"]}', '[]', '{}', '{}', '{}', '2026-02-22 09:03:08', '2026-02-25 05:43:15'),
  ('c1ab4c4a-cf1a-41c9-8b80-f7ddb6ff413c', 'अहिल्या कलेक्शन', 'Handloom Saree Seller', 'Owner: संपदा गोसावी', 'हॅन्डलूम साडी व्यवसाय.. इरकल, माहेश्वरी, खण, नारायण पेठ..', 'धायरी', 'पुणे', 'नंदनवन रो हाऊस no 9, साई समर्थ शिल्प so, धायरी', NULL, '411041', 'संपदा गोसावी', NULL, 'sampadagosavi978@gmail.com', 'https://instagram.com/ahilyahandloom_collection2025', 0, 0, 1, 1, 'active', NULL, NULL, '918888083186', '918888083186', '["पुणे"]', '[]', '["vendor-card","अहिल्या कलेक्शन","हॅन्डलूम","साडी","इरकल","माहेश्वरी","नारायण पेठ","वस्तू विक्रेते","handloom saree"]', '["हॅन्डलूम साडी","इरकल","माहेश्वरी","नारायण पेठ"]', '[]', '[]', '{"coverImages":["/product-images/listing-c1ab4c4a-cf1a-41c9-8b80-f7ddb6ff413c.png"],"gallery":["/product-images/listing-c1ab4c4a-cf1a-41c9-8b80-f7ddb6ff413c.png"]}', '[]', '{}', '{}', '{}', '2026-02-22 09:04:01', '2026-02-25 05:43:19'),
  ('f02d61c4-eb48-42e6-a90d-39734834787a', 'Spell Nest', 'Spiritual Healing & Astrology', 'Owner: Sai Jog', 'Energy worker - reiki and mantra healing, Akashik reader, spell caster, charged crystals, personalized sigil creator, astrologer and many more', 'Pune / Online', 'Pune / Online', 'Pune / Online', NULL, '411016', 'Sai Jog', NULL, 'saijog@gmail.com', NULL, 0, 0, 1, 1, 'active', NULL, NULL, '917798373146', '917798373146', '["Pune","Online"]', '[]', '["vendor-card","Spell Nest","reiki","mantra healing","akashik reader","spell caster","charged crystals","sigil creator","astrologer"]', '["Reiki","Mantra Healing","Astrology","Online Sessions"]', '[]', '[]', '{"coverImages":["/product-images/spell-nest.png"],"gallery":["/product-images/spell-nest.png"]}', '[]', '{}', '{}', '{}', '2026-02-23 04:07:13', '2026-02-25 05:43:22'),
  ('33f635b2-65e8-428e-b6b8-1588437dced2', 'Loan Agency', 'Loan Services', 'Owner: Vikas Kumar', 'All types of loan', 'Kolhapur', 'Kolhapur', 'Kolhapur', NULL, '411023', 'Vikas Kumar', NULL, 'rajshinde@gmail.com', NULL, 0, 0, 1, 1, 'active', NULL, NULL, '919270838483', '919270838483', '["Kolhapur"]', '[]', '["vendor-card","Loan Agency","loan","finance","all types of loan","kolhapur"]', '["Loan Services"]', '[]', '[]', '{"coverImages":["/product-images/loan-agency.png"],"gallery":["/product-images/loan-agency.png"]}', '[]', '{}', '{}', '{}', '2026-02-23 04:08:12', '2026-02-25 05:43:25'),
  ('e98e8e7c-0914-4b52-9a9f-1e518a617b0e', 'Financial Planner', 'Financial Planning', 'Owner: Rajesh Joshi', 'Financial Planner', 'Pune', 'Pune', 'Pune', NULL, '411057', 'Rajesh Joshi', NULL, 'onlyva@gmail.com', NULL, 0, 0, 1, 1, 'active', NULL, NULL, '919371275252', '919371275252', '["Pune"]', '[]', '["vendor-card","Financial Planner","financial planning","finance","advisor","pune"]', '["Financial Planning"]', '[]', '[]', '{"coverImages":["/product-images/financial-planner.png"],"gallery":["/product-images/financial-planner.png"]}', '[]', '{}', '{}', '{}', '2026-02-23 04:09:05', '2026-02-25 05:43:28'),
  ('8828f7c6-e9ec-451c-865e-8924e6843ede', 'Tectigon', 'Website Development', 'Owner: Abheejeet Coolkarni', 'Website Development Company', 'Bhusaval', 'Bhusaval', 'Bhusaval', NULL, '410052', 'Abheejeet Coolkarni', NULL, 'abhi@gmail.com', NULL, 0, 0, 1, 1, 'active', NULL, NULL, '919960360155', '919960360155', '["Bhusaval"]', '[]', '["vendor-card","Tectigon","website development","web development","company","service","bhusaval"]', '["Website Development"]', '[]', '[]', '{"coverImages":["/product-images/tectigon.png"],"gallery":["/product-images/tectigon.png"]}', '[]', '{}', '{}', '{}', '2026-02-23 04:09:49', '2026-02-25 05:43:30'),
  ('90b7baf6-088c-48e5-941a-3c374c51a4f5', 'Megha Mahajan', 'Organic Product Seller', 'Owner: Megha Mahajan', 'Organic Products', 'Mumbai', 'Mumbai', 'Mumbai', NULL, '400656', 'Megha Mahajan', NULL, 'haircare@gmail.com', NULL, 0, 0, 1, 1, 'active', NULL, NULL, '917506506930', '917506506930', '["Mumbai"]', '[]', '["vendor-card","Megha Mahajan","organic products","organic","product seller","mumbai"]', '["Organic Products"]', '[]', '[]', '{"coverImages":["/product-images/megha-mahajan.png"],"gallery":["/product-images/megha-mahajan.png"]}', '[]', '{}', '{}', '{}', '2026-02-23 04:10:26', '2026-02-25 05:43:33'),
  ('144ff98b-f0b8-477e-b2d9-37a72f177ba0', 'Safar Tourism', 'Tourism & Car Rental', 'Owner: Nitin Kulkarni', 'Tourism, Rental Car', 'Nashik', 'Nashik', 'Nashik', NULL, '411009', 'Nitin Kulkarni', NULL, 'safartourisom@gmail.com', NULL, 0, 0, 1, 1, 'active', NULL, NULL, '919823059704', '919823059704', '["Nashik"]', '[]', '["vendor-card","Safar Tourism","tourism","rental car","travel","nashik"]', '["Tourism","Rental Car"]', '[]', '[]', '{"coverImages":["/product-images/safar-tourism.png"],"gallery":["/product-images/safar-tourism.png"]}', '[]', '{}', '{}', '{}', '2026-02-23 04:11:20', '2026-02-25 05:43:35'),
  ('91b359a7-b0b3-4753-8efd-2b31984727cd', 'Pooja Kitchen Appliances', 'Kitchen Appliance Seller', 'Owner: Pooja Kokate', 'Kitchen Appliances', 'Akola', 'Akola', 'Akola', NULL, '411002', 'Pooja Kokate', NULL, 'poojakitchen@gmail.com', NULL, 0, 0, 1, 1, 'active', NULL, NULL, '919673964350', '919673964350', '["Akola"]', '[]', '["vendor-card","Pooja Kitchen Appliances","kitchen appliances","appliance seller","akola"]', '["Kitchen Appliances"]', '[]', '[]', '{"coverImages":["/product-images/pooja-kitchen-appliances.png"],"gallery":["/product-images/pooja-kitchen-appliances.png"]}', '[]', '{}', '{}', '{}', '2026-02-23 04:12:31', '2026-02-25 05:43:39'),
  ('39b95bb8-7076-40b0-a800-f5194c4b10d5', 'A K Reality', 'Real Estate Services', 'Owner: Amit Dixit', 'Real Estate Agent', 'Pune', 'Pune', 'Pune', NULL, '411041', 'Amit Dixit', NULL, 'amitdixit2049@gmail.com', NULL, 0, 0, 1, 1, 'active', NULL, NULL, '919765613166', '919765613166', '["Pune"]', '[]', '["vendor-card","A K Reality","real estate","property agent","service","pune"]', '["Real Estate Agent"]', '[]', '[]', '{"coverImages":["/product-images/a-k-reality.png"],"gallery":["/product-images/a-k-reality.png","/product-images/real-estate-agent.png"]}', '[]', '{}', '{}', '{}', '2026-02-23 04:13:58', '2026-02-25 05:43:41'),
  ('7719b66a-2cf1-46d7-9cc6-f60e48d571da', 'Metro Property', 'Real Estate Services', 'Owner: Pallavi Inamdar', 'Real Estate Agent', 'Pune', 'Pune', 'Pune', NULL, '411024', 'Pallavi Inamdar', NULL, 'metroproperty@gmail.com', NULL, 0, 0, 1, 1, 'active', NULL, NULL, '919270051013', '919270051013', '["Pune"]', '[]', '["vendor-card","Metro Property","real estate","property agent","service","pune"]', '["Real Estate Agent"]', '[]', '[]', '{"coverImages":["/product-images/metro-property.png"],"gallery":["/product-images/metro-property.png"]}', '[]', '{}', '{}', '{}', '2026-02-23 04:15:46', '2026-02-26 05:01:17'),
  ('8ae14be9-adfc-4256-a626-f53b39fce8a0', 'Devendra Paranjape', 'Garments Seller', 'Owner: Devendra Paranjape', 'Garments Seller', 'Pune', 'Pune', 'Pune', NULL, '411021', 'Devendra Paranjape', NULL, 'dvgarments@gmail.com', NULL, 0, 0, 1, 1, 'active', NULL, NULL, '919762428541', '919762428541', '["Pune"]', '[]', '["vendor-card","Devendra Paranjape","garments seller","clothing","pune"]', '["Garments Seller"]', '[]', '[]', '{"coverImages":["/product-images/devendra-paranjape.png"],"gallery":["/product-images/devendra-paranjape.png"]}', '[]', '{}', '{}', '{}', '2026-02-23 04:16:32', '2026-02-26 05:01:14'),
  ('1ab29b34-555d-4bc8-a133-4a3685c8c60f', 'Shitalfoods', 'Healthy Food Seller', 'Owner: Shital Diwakar Bhakare', 'Millet food, jaggery cookies, healthy cookies', 'Mudra Nagar, Besa Road, Manewada', 'Nagpur', 'Mudra Nagar, Besa Road Manewada Nagpur', NULL, '440034', 'Shital Diwakar Bhakare', NULL, 'sdb1981976@gmail.com', NULL, 0, 0, 1, 1, 'active', NULL, NULL, '919422714975', '919422714975', '["Nagpur"]', '[]', '["vendor-card","Shitalfoods","millet food","jaggery cookies","healthy cookies","healthy food","nagpur"]', '["Millet Food","Jaggery Cookies","Healthy Cookies"]', '[]', '[]', '{"coverImages":["/product-images/shitalfoods.jpeg"],"gallery":["/product-images/shitalfoods.jpeg"]}', '[]', '{}', '{}', '{}', '2026-02-23 04:17:16', '2026-02-26 05:01:16'),
  ('25cd04f3-149b-4fc3-badd-e782fe516525', 'Candle kokan product puse resin art', 'Candle Product Seller', 'Owner: Mrs Archana Yeolekar', 'Candle manufacturing', 'Karvenagar', 'Pune', '43/4 navasahydri society, akshay bungalow, karvenagar', NULL, '411052', 'Mrs Archana Yeolekar', NULL, 'amy2012sep@gmail.com', NULL, 0, 0, 1, 1, 'active', NULL, NULL, '917709048819', '917709048819', '["Pune"]', '[]', '["vendor-card","Candle kokan product puse resin art","candle","candle manufacturing","resin art","pune"]', '["Candle Manufacturing","Resin Art"]', '[]', '[]', '{"coverImages":["/product-images/candle-manufacturing.png"],"gallery":["/product-images/candle-manufacturing.png"]}', '[]', '{}', '{}', '{}', '2026-02-23 04:18:39', '2026-02-26 05:01:13'),
  ('66977bef-a6b9-4f85-81b9-6abffa37b581', 'प्राची टूर्स व प्राची मार्केटिंग', 'Tourism & Car Rental', 'Owner: प्रमोद देशपांडे व सौ प्राची देशपांडे', 'पर्यटन, कोकणी उत्पादन विक्रेते', 'मंगळवार पेठ', 'Kolhapur', 'प्लॉट नं 11 श्री दत्त कॉलनी विश्वपंढरी मठामागे हॉकी स्टेडियम रोड मंगळवार पेठ कोल्हापूर', NULL, '416012', 'प्रमोद देशपांडे व सौ प्राची देशपांडे', NULL, 'pdeshpande9720@gmail.com', NULL, 0, 0, 1, 1, 'active', NULL, NULL, '919766083144', '919766083144', '["Kolhapur"]', '[]', '["vendor-card","प्राची टूर्स व प्राची मार्केटिंग","पर्यटन","कोकणी उत्पादन","tourism","kokan products","kolhapur"]', '["पर्यटन सेवा","कोकणी उत्पादन विक्री"]', '[]', '[]', '{"coverImages":["/product-images/listing-66977bef-a6b9-4f85-81b9-6abffa37b581.png"],"gallery":["/product-images/listing-66977bef-a6b9-4f85-81b9-6abffa37b581.png"]}', '[]', '{}', '{}', '{}', '2026-02-23 04:20:36', '2026-02-26 05:01:11'),
  ('04e38394-6279-4609-873b-a11d30411dba', 'Urja Industries', 'Industrial Products', 'Owner: Kiran Saraf', 'Diesel/FO fuel saving products, automatic puncture sealant product, manufacturing.', 'Chanakyapuri', 'Chh. Sambhaji Nagar', 'Chanakyapuri', NULL, '431005', 'Kiran Saraf', NULL, 'ksaraf24@gmail.com', NULL, 0, 0, 1, 1, 'active', NULL, NULL, '919326201433', '919326201433', '["Chh. Sambhaji Nagar"]', '[]', '["vendor-card","Urja Industries","diesel fuel saving","FO fuel saving","automatic puncture sealant","manufacturing","industrial products","chh sambhaji nagar"]', '["Fuel Saving Products","Automatic Puncture Sealant","Manufacturing"]', '[]', '[]', '{}', '[]', '{}', '{}', '{}', '2026-02-23 04:28:25', '2026-02-26 05:01:04'),
  ('d8140af2-e863-4995-8bc0-0eef57d722c1', 'Asmita Jwellery', 'Jewellery Seller', 'Owner: Asmita Kulkarni', 'Handicraft jewellery items', 'Satara', 'Satara', 'Satara', NULL, '411001', 'Asmita Kulkarni', NULL, 'asmita.jwells@gmail.com', NULL, 0, 0, 1, 1, 'active', NULL, NULL, '919403290070', '919403290070', '["Satara"]', '[]', '["vendor-card","Asmita Jwellery","handicraft jewellery","jewellery items","ornaments","satara"]', '["Handicraft Jewellery","Jewellery Items"]', '[]', '[]', '{"coverImages":["/product-images/asmita-jwellery.png"],"gallery":["/product-images/asmita-jwellery.png"]}', '[]', '{}', '{}', '{}', '2026-02-23 04:29:10', '2026-02-26 05:01:02'),
  ('f9f6852b-79ad-4c3f-8827-16c412074f42', 'Damle Flowers', 'Flower Seller', 'Owner: Sonali Damle', 'Flower pots and flowers', 'Thane', 'Thane', 'Thane', NULL, '411241', 'Sonali Damle', NULL, 'sonaliflowers@gmail.com', NULL, 0, 0, 1, 1, 'active', NULL, NULL, '919137389017', '919137389017', '["Thane"]', '[]', '["vendor-card","Damle Flowers","flower pots","flowers","florist","thane"]', '["Flower Pots","Fresh Flowers"]', '[]', '[]', '{"coverImages":["/product-images/flower-pots-and-flowers.png"],"gallery":["/product-images/flower-pots-and-flowers.png"]}', '[]', '{}', '{}', '{}', '2026-02-23 04:30:16', '2026-02-26 05:00:54'),
  ('31ee3cc5-d367-4383-b37d-4ac397139212', 'Asawari Collection', 'Saree Seller', 'Owner: Asawari Safai', 'Saree business', 'Pune', 'Pune', 'Pune', NULL, '411041', 'Asawari Safai', NULL, 'asawarisafai@gmail.com', NULL, 0, 0, 1, 1, 'active', NULL, NULL, '917038164836', '917038164836', '["Pune"]', '[]', '["vendor-card","Asawari Collection","saree","saree business","clothing","pune"]', '["Saree Business"]', '[]', '[]', '{"coverImages":["/product-images/saree-business.png"],"gallery":["/product-images/saree-business.png"]}', '[]', '{}', '{}', '{}', '2026-02-23 04:32:10', '2026-02-26 05:00:52'),
  ('78dce21c-7543-4c49-81c7-62a1e062379c', 'Pushkar Lakhote', 'Real Estate Services', 'Owner: Pushkar Lakhote', 'Real Estate Agent', 'Pune', 'Pune', 'Pune', NULL, '411024', 'Pushkar Lakhote', NULL, 'punerealestate@gmail.com', NULL, 0, 0, 1, 1, 'active', NULL, NULL, '917276505569', '917276505569', '["Pune"]', '[]', '["vendor-card","Pushkar Lakhote","real estate","real estate agent","property dealer","pune"]', '["Real Estate Agent"]', '[]', '[]', '{"coverImages":["/product-images/pushkar-lakhote.png"],"gallery":["/product-images/pushkar-lakhote.png"]}', '[]', '{}', '{}', '{}', '2026-02-23 04:32:36', '2026-02-26 05:00:50'),
  ('0663dd6c-0849-4d1d-844f-fbfc02181a96', 'Vardayani Services', 'Insurance Services', 'Owner: Pradnya Kulkarni', 'Insurance Business', 'Pune', 'Pune', 'Pune', NULL, '411036', 'Pradnya Kulkarni', NULL, 'pradnyakfp@gmail.com', NULL, 0, 0, 1, 1, 'active', NULL, NULL, '919175524526', '919175524526', '["Pune"]', '[]', '["vendor-card","Vardayani Services","insurance","insurance business","policy services","pune"]', '["Insurance Business"]', '[]', '[]', '{"coverImages":["/product-images/insurance-business.png"],"gallery":["/product-images/insurance-business.png"]}', '[]', '{}', '{}', '{}', '2026-02-23 04:33:05', '2026-02-26 05:00:46'),
  ('1208d8ee-39e5-474a-a702-ddcf94d1f870', 'Yeolekar Garments', 'Saree Seller', 'Owner: Rajani Yeolekar', 'Paithanee Saree', 'Nashik', 'Nashik', 'Nashik', NULL, '400853', 'Rajani Yeolekar', NULL, 'paithanisareenashik@gmail.com', NULL, 0, 0, 1, 1, 'active', NULL, NULL, '919403193041', '919403193041', '["Nashik"]', '[]', '["vendor-card","Yeolekar Garments","paithanee saree","paithani","saree seller","nashik"]', '["Paithanee Saree"]', '[]', '[]', '{"coverImages":["/product-images/paithanee-saree.png"],"gallery":["/product-images/paithanee-saree.png"]}', '[]', '{}', '{}', '{}', '2026-02-23 04:33:54', '2026-02-26 05:00:44'),
  ('78d7d6e1-babb-44af-971c-9fd30874dabb', 'में.भाग्यलक्ष्मि गिफ्ट शाँप', 'Gift Product Seller', 'Owner: में.भाग्यलक्ष्मी मँनिफँक्चरिंग युनिट', 'ऐन्टिक अँन्ड युनिक गिफ्ट प्रोडक्ट, पी.एम.विश्वकमाँ लाभाथिँ, माँप, ग्लास-किचन वायपर, पोछा, मँनिफँक्चरिंग युनिट', 'शनिवार पेठ', 'Pune City', '३२० शनिवार पेठ, चिंतामणी कोटँ, शाँप नं.०८ ऐ', NULL, '411030', 'में.भाग्यलक्ष्मी मँनिफँक्चरिंग युनिट', NULL, 'rohandeshpande1111@gmail.com', NULL, 0, 0, 1, 1, 'active', NULL, NULL, '919359258301', '919359258301', '["Pune City"]', '[]', '["vendor-card","में.भाग्यलक्ष्मि गिफ्ट शाँप","वस्तू विक्रेते","गिफ्ट प्रोडक्ट","ऐन्टिक गिफ्ट","manufacturing unit","मँनिफँक्चरिंग युनिट","pune city"]', '["ऐन्टिक अँन्ड युनिक गिफ्ट प्रोडक्ट","मँनिफँक्चरिंग युनिट"]', '[]', '[]', '{}', '[]', '{}', '{}', '{}', '2026-02-23 04:34:26', '2026-02-26 05:00:43'),
  ('28c35ae9-aa4f-40ff-a799-275477ce656e', 'Kamat Misal House', 'Restaurant', 'Owner: Sameer Kamat', 'Restaurant', 'Saswad', 'Pune', 'Saswad Pune', NULL, '411560', 'Sameer Kamat', NULL, 'kamatmisal@gmail.com', NULL, 0, 0, 1, 1, 'active', NULL, NULL, '918451881247', '918451881247', '["Pune"]', '[]', '["vendor-card","Kamat Misal House","restaurant","misal","food","saswad","pune"]', '["Restaurant"]', '[]', '[]', '{"coverImages":["/product-images/restaurant.png"],"gallery":["/product-images/restaurant.png"]}', '[]', '{}', '{}', '{}', '2026-02-23 04:34:52', '2026-02-26 05:00:41'),
  ('facf104b-4b62-441b-ae5f-ba9ac32881b0', 'Moto Racer', 'Auto Garage Services', 'Owner: Nachiket Kelkar', 'Garage', 'Solapur', 'Solapur', 'Solapur', NULL, '422078', 'Nachiket Kelkar', NULL, 'motoracer@gmail.com', NULL, 0, 0, 1, 1, 'active', NULL, NULL, '918888228074', '918888228074', '["Solapur"]', '[]', '["vendor-card","Moto Racer","garage","auto garage","vehicle service","solapur"]', '["Garage Services"]', '[]', '[]', '{"coverImages":["/product-images/garage.png"],"gallery":["/product-images/garage.png"]}', '[]', '{}', '{}', '{}', '2026-02-23 04:35:15', '2026-02-26 05:00:40'),
  ('0c813e62-3ad9-415d-9e3b-1fd34f0ff5f5', 'Tilekar Marriage Buero', 'Matrimonial Services', 'Owner: Ankush Tilekar', 'Matrimonial services', 'Aurangabad', 'Aurangabad', 'Aurangabad', NULL, '422078', 'Ankush Tilekar', NULL, 'tmb@gmail.com', NULL, 0, 0, 1, 1, 'active', NULL, NULL, '917385614280', '917385614280', '["Aurangabad"]', '[]', '["vendor-card","Tilekar Marriage Buero","matrimonial","marriage bureau","wedding match","aurangabad"]', '["Matrimonial Services"]', '[]', '[]', '{"coverImages":["/product-images/matrimonial-services.png"],"gallery":["/product-images/matrimonial-services.png"]}', '[]', '{}', '{}', '{}', '2026-02-23 04:35:48', '2026-02-26 05:00:37'),
  ('be20b1c0-688c-4f37-9ce4-16cf6386b647', 'Samartha Dairy', 'Dairy Product Seller', 'Owner: Sandip Kashid', 'Dairy Products', 'Kolhapur', 'Kolhapur', 'Kolhapur', NULL, '435505', 'Sandip Kashid', NULL, 'samarthadairy@gmail.com', NULL, 0, 0, 1, 1, 'active', NULL, NULL, '916380059635', '916380059635', '["Kolhapur"]', '[]', '["vendor-card","Samartha Dairy","dairy products","milk products","dairy seller","kolhapur"]', '["Dairy Products"]', '[]', '[]', '{"coverImages":["/product-images/dairy-products.png"],"gallery":["/product-images/dairy-products.png"]}', '[]', '{}', '{}', '{}', '2026-02-23 04:36:14', '2026-02-26 05:00:34'),
  ('7a8b60f7-36b2-486c-bff6-84c3c2f86219', 'Peshwa Restaurant', 'Restaurant', 'Owner: Vinay Thakur', 'Restaurant', 'Akola', 'Akola', 'Akola', NULL, '444002', 'Vinay Thakur', NULL, 'peshwarestaurant@gmail.com', NULL, 0, 0, 1, 1, 'active', NULL, NULL, '918459551423', '918459551423', '["Akola"]', '[]', '["vendor-card","Peshwa Restaurant","restaurant","food","dining","akola"]', '["Restaurant"]', '[]', '[]', '{"coverImages":["/product-images/peshwa-restaurant.png"],"gallery":["/product-images/peshwa-restaurant.png"]}', '[]', '{}', '{}', '{}', '2026-02-23 04:36:47', '2026-02-26 05:00:35'),
  ('8bf65725-d4d6-4249-8d08-ac9794998e04', 'HV ASSOCIATES', 'Healthy Food Seller', 'Owner: HEMA THAKAR / HARSHVARDHAN THAKAR', 'SHREE DHANYA ANI SHREE DHANYA YANCHE PRAKRIYA KELELI UTPADANE', 'Dombivali MIDC', 'Dombivali', '30 GNP SOLITAIRE INDUSTRIAL ESTATE PREMISES, VICO NAKA, MIDC DOMBIVALI 421203', NULL, '421203', 'HEMA THAKAR/HARSHVARDHAN THAKAR', NULL, 'thakar.hema@gmail.com', 'milletfuldiet.com', 0, 0, 1, 1, 'active', NULL, NULL, '919967504303', '919967504303', '["Dombivali"]', '[]', '["vendor-card","HV ASSOCIATES","shree dhanya","millet products","processed grain products","healthy food","dombivali"]', '["Millet Products","Processed Grain Products"]', '[]', '[]', '{"coverImages":["data:image/jpeg;base64,/9j/4AAQSkZJRgABAQAAAQABAAD/4gHYSUNDX1BST0ZJTEUAAQEAAAHIAAAAAAQwAABtbnRyUkdCIFhZWiAH4AABAAEAAAAAAABhY3NwAAAAAAAAAAAAAAAAAAAAAAAAAAAAAAAAAAAAAQAA9tYAAQAAAADTLQAAAAAAAAAAAAAAAAAAAAAAAAAAAAAAAAAAAAAAAAAAAAAAAAAAAAAAAAAAAAAAAAAAAAlkZXNjAAAA8AAAACRyWFlaAAABFAAAABRnWFlaAAABKAAAABRiWFlaAAABPAAAABR3dHB0AAABUAAAABRyVFJDAAABZAAAAChnVFJDAAABZAAAAChiVFJDAAABZAAAAChjcHJ0AAABjAAAADxtbHVjAAAAAAAAAAEAAAAMZW5VUwAAAAgAAAAcAHMAUgBHAEJYWVogAAAAAAAAb6IAADj1AAADkFhZWiAAAAAAAABimQAAt4UAABjaWFlaIAAAAAAAACSgAAAPhAAAts9YWVogAAAAAAAA9tYAAQAAAADTLXBhcmEAAAAAAAQAAAACZmYAAPKnAAANWQAAE9AAAApbAAAAAAAAAABtbHVjAAAAAAAAAAEAAAAMZW5VUwAAACAAAAAcAEcAbwBvAGcAbABlACAASQBuAGMALgAgADIAMAAxADb/2wBDAAMCAgICAgMCAgIDAwMDBAYEBAQEBAgGBgUGCQgKCgkICQkKDA8MCgsOCwkJDRENDg8QEBEQCgwSExIQEw8QEBD/2wBDAQMDAwQDBAgEBAgQCwkLEBAQEBAQEBAQEBAQEBAQEBAQEBAQEBAQEBAQEBAQEBAQEBAQEBAQEBAQEBAQEBAQEBD/wAARCAFAAZADASIAAhEBAxEB/8QAHQABAAICAwEBAAAAAAAAAAAAAAEIBgkEBQcCA//EAEYQAAEDAwECBwsJBwUBAQAAAAABAgMEBQYRBwgSITE3QVF1EyJSVnGBkZSys9EUFhcYMjVhdIIVI0JDU2KhkqKxweEkZf/EABwBAQACAgMBAAAAAAAAAAAAAAAGCAQFAgMHAf/EAEIRAAIBAgIEBwwJBAMBAAAAAAABAgMEBREHITFxBhITQVGBkRQVIjIzNDZhcqGxshc1QlNzksHR8FKC0uFiY6LC/9oADAMBAAIRAxEAPwDamAAAAAAAAAAAAAAAAAAAAAAAAAAAAAAAAAAAAAAAAAAAAAAAAAAAAAAAAAAAAAAAAAAAAAAAAAAAAAAAAAAAAAAAAAAAAAAAAAAAAAAAAAAAAAAAAAAAAAAAAAAAAAAAAAAAAAAAAAAAAAAAAAAAAAAAAAAAAAAAAAAAAAAAAAAAAAAAAAAAAAAAAAAAAAAAAAAAAAAAAAAAAAAAAAAAAAAAAAAAAAAAAAAAAAAAAAAAAAAAAAAAAAAAAAAAAAAAAAAAAAAAAAAAAAAAAAAAAAAAAAAAAAAAAAAAAAAAAAAAAAAAAAAAAAAAAAAAAAAAAAAAAAAAAAAAAAAAAAAAAAAAAAAAAAAAAAAAAAAAAAAAAAAAAAAAAAAAAAAAAAAAAAAAAfMkkcUbpZXtYxiK5znLoiInKqqAfQMfXaBgycuX2f12P4j6QMG8b7P67H8ThykOlGV3Fc/dy7GZADH/AKQMG8b7P67H8TnWrJMfvj5I7NeqKudEiK9KedsitReTXReI+qcXqTOE7WvTjxpwaXrTOyAByOgAAAAAAA6WszTEbfUyUddk1sp54l0fHJVMa5q/iirqh+P0gYN432f12P4nHjx6TJVncSWapyy3MyAGP/SBg3jfZ/XY/ifrS5vh9bUR0lHk9rmnmcjI446tjnOcvIiIi8ajjx6Q7O5is3Tl2M7sAHIxgAcG6XyzWSNkt4utLRMkXgsdUTNjRy9SarxnxtLWzlCEqkuLBZv1HOBj/wBIGDeN9n9dj+I+kHBvG+z+ux/E48pDpRkdxXP3cuxmQAx/6QcG8b7P67H8TuaOtpLjTR1tBUxVEEreFHLE9HNcnWipxKfVKMtjOupb1qKzqQaXrTR+4AOR0gAAAAAAEcnGp0cud4XBK+CbK7SySNytc11ZGitVOVFTU+OSjtZ2U6NStqpxb3LM70GP/SBg3jfZ/XY/iPpBwbxvs/rsfxOPKQ6UdvcVz93LsZkAODar5Zr5G+WzXSlrWRu4L3U8zZEaumuiqi8S6HOOSaetHROEqcuLNZMAA+nEAAAAAAAAAAAAAAAAHzJIyGN0sr2sYxFc5zl0RETlVVA2iSSOGN0sr2sYxFVznLoiJ1qpSTei3opMhkqdnmzyuVtsY5YrhcI3aLUqnLGxfA616fITvRb0T8hfVbO9nle5tsaqxXCviXRalemNi+B1r0+QqqRvE8T42dGi9XO/0RYTRzo57n4mMYxDw9sIPm6JSXT0Lm2vXsnhO8JfSOE7wl9JANAe6E8J3hL6S2W4Gqrfsp1XX/5YPbcVMLZbgf39lX5Wn9txn4Z53D+cxBtJPovd7o/PEuoACaFQAAAAV63mN5ej2aUUuI4jUR1GTVLNHvTRzaFq/wATv7+pOjlUby+8vRbNKKXEsSqI6jJqhio96Kjm0LVT7Tv7+pPOpQavr626Vs1xuNVJUVNS9ZJZZHK5z3KuqqqqaPE8T5LOjRfhc76P9ns2jrR08UccWxWOVFa4xf2/W/8Aj827arrhXXOsmuFwq5aipqHrJLLI5XOe5V1VVVT8OE7wl9JAIztLIxiopRiskieE7wl9Jn2wRzvplw9FVfvan9tDADP9gfPLh6//AK9P7aHbb+VjvXxNZjn1Zc/hz+Vm0ZOQkhOQxfaPtHxnZfjNRk2TVjYoYkVIokX95PJpxMYnSq/4J3KSgnKTySKQ29vVu6saFCLlOTySWttsbR9o+NbMMaqMmyWsbFFEmkUSL+8nk6GMTpVf8Gt7a9tgyba/k0l7vUzoqSJVbQ0TXfu6ePXiT8XL0r0jbBtfybbDk0l7vUzoqSJVbRULXfu6ePqROly9K9JgZEsRxF3T4kNUF7y0/AHgDS4M0ld3aUrmS1vaoJ80fX0vqWrbPCd4S+kcJ3hL6SAas9LJ4TvCX0l/dybNvnDsufjlTPw6mwVKwtRV1XuD++Z6F4SegoCWC3K82TG9qvzfqJUbT5BTup0RV0Ture+Z/wAOQ2OF1uRuY57Hq7f9kB0lYR324O1uKs5U/DX9u3/y2bBAATIqKAAACFVETVQq6cZVXeh3omY+yp2e7Pa5HXNyLFX18TtUpk6Y2Kn8fWvR5eTouLiFrBzm/wDZu+D+AXvCS9jZWUc29r5ornbfR8diI3ot6JlgZU7Pdntc19yeixV9fE7VKZORY2L4fWvR5eSlEk0sr3SSSOc96q5zlXVVVekiSSSaR0sr3Pe9Vc5zl1VVXpU+SG3V1O7nx59S6C3PBjgxZcFrJWlqs29cpPbJ9L9XQubtZPCd4S+kcJ3hL6SDu8Ixyoy/L7PjNMirJcqyKnTToRzk1XzJqvmMaKcnkjf1qsKFOVWo8oxTb3LWzYFukYYmJ7HLbUyw8CqvTnXGZVTjVHcTNf0oh7ScS1W6ls9spLTRRoyno4GU8TU6GMajUT0IcsntCkqNONNcyKPYxiM8WxCtfT21JOXa9S6lqAAO01oAAAAAAAAAAAAAAAK8b7WVX7HNmFJTWS4yUjbrXpSVSx8Tnxdzc5W69CKqJqWHKxb+vNxZO2E9y8w8Qbjaza6CXcA6UK3CS0hUSa4+x69ibKLcoAIQXKAAABbLcD+/sq/K0/tuKmlstwP7+yr8rT+242GF+dw/nMQbST6L3e6PzxLqAAmZUAHSZvXz2rDr3cqadYZqWgnljkT+BzWKqL5lO7MW2pc2+T9lVXu3HCo8oN+oyrGCqXVKEtjlFe9Gqy519XdLhUXCvqpKioqJHSSSyOVznuVeNVVTiku+0vlIIBtL2RioxUY7EAAfDkDP9gnPLh/a1P7aGAGfbBOeXD+16f20O638rHeviavHPqu5/Dn8rNo6chQPfeXJY9qsMF0uE01sfRRzW+FeKOJONH6J18JF1XlL+JyFZN+rC/2tgltzGnh1mstV3KVyJx9xl0Tj/BHIn+olmK03UtZZc2sq5oxxCnYcJKPKpZVM4Zvmb2ZdDbSW5lFQAQ0tuAAADtcVvtTjGS2zIaR6tmt9VHUNVF0+y5FOqB9TaeaOFWnGtB05rNNZPczbrj15pcisVBfaJyOgr6aOpjVOp7UX/s7E8G3Nc2TKdkdPaZplfVWGZ1G9FXj7mvfMX0Lp5j3knlvVVelGoudFH8dw2WD4lXsJ/Yk11Z6n1rJgAHcao8O3t9p1x2dbNkhsVYtNc71P8kilauj449FV7m9S6aJr+JrskkkmkdLK9z3vVXOc5dVVetSxe+/my33aXT4tTy8KnsNMjXoi8STSd87z6cErkQ7Fa7rXLWepav3La6McFjhOAUqko5VKvht8+T8VflyfWwADWnoYLF7kOFJftp0+T1MSup7BSuexVTi7tJ3rfQnCK6GwXcswr5ubJ23+oh4FVkFQ6p1VOPuLe9j9PfL50NjhVHlrmOexa/51nn+k3Fu9XB2sovKVXKC/u8b/AMplgQATIqOAAAAAAAAAAAAAAAAAACsW/rzcWTthPcvLOlYt/Xm4snbCe5eYWI+az3Ex0f8ApNZ+1+jKLAAhJccAAAFstwL7+yr8rT+24qaWy3A/v7KvytP7bjYYX53D+cxBtJPovd7o/PEuoACZlQAYttT5t8n7KqvduMpMW2p822T9lVXu3HCp4j3GZh3nlL2o/FGqN32l8pBLvtL5SDz8vYgAAAZ9sE55cP7Xp/bQwEz/AGB88uH9rU/tod1v5WO9fE1eOfVdz+HP5WbRk5DGdpuKwZtgN8xeeNHfL6KSOPVOSTTVip+KORDJk5AvGTuUVOLi9jKQ29edrWhXpPKUWmt6eaNQFXSzUNVNR1DFbLA90b0XoVF0U/E9Z3osM+ZW2W908MKMpLk9LjT6JonBl1VUTyORyeY8mIFVpulUcHzMvHhV/DFLGle09lSKl2rPLqAAOszwAACyG49m37C2j1eK1E3Bp79TKjGqvF3aPvm+lOEhfY1LYLk1RhuY2fJ6ZVR9urI51ROlqOThJ501Nr1quNPdrZS3Slej4auFk0bk5Fa5EVP+SU4JW49F03zP3MrTpkwjuXFaWIwWqrHJ+1HV8Guw5ZxLrcKe02yqulW9Gw0kL5pFVdNGtRVX/g5Z4vvbZq7D9jlyip5uBVXhzbfDoui6O43r/pRfSbWtUVGnKo+ZHl+D4dPFsQo2NPbUko9r1vqWs1/Z1klTmGY3jJqp6ukuNZLPxrroiuXRPRodEAQKTcm2y8NGjC3pxo01lGKSW5akAAfDtOfYbRUX+90FkpGq6auqY6diJ1ucif8AZtixWxUuMY3bMeoo2sht1LHTMRE4tGtRCgW5zhSZVtgpbnURcOlsETq5+qap3T7Mf+5dfMbEiTYHR4tOVV8+rsK46Z8W5e/oYbB6qceM98tnYl7wADenioAAAAAAAAAAAAAAAAAAKxb+vNxZO2E9y8s6Vi39ebiydsJ7l5hYj5rPcTHR/wCk1n7X6MosACElxwAAAe7brG2bENj1zvlZlnyzgXCCKOH5PD3RdWuVV14+LlPCQdtCtK3qKpDajWYxhNvjllOwus+JPLPJ5PU09u9GwL68Gxnwb16n/wCj68Gxnwb16n/6a/QbHv1c+rsIB9EHBz/s/Mv8TYF9eDYz4N69T/8ATpM33ydkl/w+9WShbd/lFdQzU8XCpNE4bmKiarrxJqpRgHyWMXMlk8uw7KOiTg9QqRqx5TOLTXhLm6iVXVVXrIANUenAAAAz/YHzy4f2tT+2hgBn2wTnlw/tan9tDut/Kx3r4mrxz6rufw5/KzaOnISQnIST0o2VN388M+U2OxZzTxKrqOZ1DUORP4Hpwm6+dq+kpWbTdtuHNzvZdkGOpFw5pqR0tOmmqpMzv2aedNPOatHsdG90b2qjmqqKi9CkUxmjydfjr7S+BaHRBi3d2COzk/Coya/tlrXv4y6j5ABpz1cAAAGxvdGzdMw2PW+mmkV1VZHOt8uvLwW8bF/0qieY1yFntxXNf2Xm9zwuol0ivFN3eFqrxd2j+LVX0GzwmtyVyk9ktR5xpSwjvnweqVIrOVFqa3LVL3NvqL0FHN+3NVuWYWnCqeXWG1U61MzUX+bJya/pRPSXeqZ4qWnlqZno2OJjnvcvIiImqqaq9q+XS51tEv2TyPVzKysesPHrpE1eCxE/SiG3xqtxKCpr7T9yPKdD2E92YzO+kvBox1e1LUvdxjEgARUs6AD96Kkmr62noadivlqZWxRtTlc5y6InpU+nxtRWb2F6NxjC0s2z2vy2oh4M98q1bG5f6MXEn+5XFlzG9nOLQ4Vg9kxeFqJ+z6KOJ6p0yaavXzuVTJCdWtHkKMafQikvCbFXjWL3F9nqnJ5eytUfckAAZBogAAAAAAAAAAAAAAAAAAVi39ebiydsJ7l5Z0rFv683Fk7YT3LzCxHzWe4mOj/0ms/a/RlFgAQkuOAAAAAAAAAAAAAAAAAADPtgnPLh/a9P7aGAmf7BOeXD+1qf20O638tHeviavHPqu5/Dn8rNoychJCchJPSjZDmo5qtcmqKmioav94LDVwba3kNnZFwKeSqdV06Imidzl79NPSqG0Epvv7YWjJsfzymg4no63VTkTpTV0ar5uEnmQ1OM0eUt+OtsT1LRHi3cGO9yyfg1ouP9y8JfBrrKggAiRaYAAAGT7MsrnwjPrHlMDlRaCsjkenWzXRyedFUxgHKMnCSktqOm5t4XVGdCqs4yTT3NZM2WbxWfw4vsTut7oalEkulO2lpHIvGvdk01T9Kqa09VVdV5VPX9qO2WbN9lWDYb8oV01phk+Xp1vYvAi1/RqvnPIDPxK6V1VTjsSX7sg2jvg1Pg3h1SnWXhyqSz3RfFj2pZreAAa4n4PXt1bDEzLbJZ2Tw8OltauuE2qap+7+zr+rgnkJdjcMwv5Hj17zmpi0kuEzaKncqfy2cb9PK5UT9JnYdR5e5jHmWvsIbw+xbvNwfuK0XlKS4kd8tXuWb6i1qJomhIBNSnIAAAAAAAAAAAAAAAAAAAAAKxb+vNxZO2E9y8s6Vi39ebiydsJ7l5hYj5rPcTHR/6TWftfoyiwAISXHAAAABKIq8SNVfIgBAJ4D/6bvQTwJP6b/QD5mj5BPAf/Td6BwXpysd6AM0QAAfQAAAZ/sD55cP7Wp/bQwAz/YHzy4f2tT+2h3W/lY718TV459V3P4c/lZtGTkJITkJJ6UbB5jvH4Ymb7IL/AG2OHulRTU61sCaarw4u+4vMioenHxNEyaJ8UrUcx7Va5F5FReVDhVgqsHB85m4de1MNvKV5S8aElJdTzNPqoqKqKmipxKQZjtfxCTBdpV/xl0fAjpax6w8XLE5eExfQqGHEBnFwk4vai8dpc07y3hc0nnGaUluazQABxMgAAAAAAAAA+o43zSNhjarnvcjWonSqm0/YxiEeDbMsfxxsfAkgo2Pn/GV6cJ6+lVNe+7thnz62vWCzyxcOmhn+WVKdHcou+XXy6InnNnjURrUaiaIhI8Co6pVXuK/6asWznb4XB7M5y6/Bj/8ARIAJAeDgAAAAAAAAAAAAAAAAAAAAArFv683Fk7YT3LyzpWLf15uLJ2wnuXmFiPms9xMdH/pNZ+1+jKLAAhJccAAAFptxOz2m73zJ2XW20tY2OmgVqTxNejV4TuTVCrJbLcC+/sq/K0/tuM/DEndQz/mohGkeUocGLqUXk8o/PEt18ysP8VrV6nH8B8ysP8V7V6pH8DugTLiR6Co3ddx/W+1nS/MrD/Fe1eqR/AxnabiGK0+zvJJ4MbtkcjLXUua5tKxFavc3caLoegGLbU+bbJ+yqr3bjrqQjxHq5jMw66ru8pJzfjR530o1Ru+0vlIJd9pfKQQIvIgAAAZ/sD55cP7Wp/bQwAz/AGB88uH9rU/tod1Dysd6+Jq8c+q7n8Ofys2jJyEkJyEk9KNgAAFIt/DClocns2cU0OkVxp1pKhyJxd0jXVqr+l3+Cqxsk3r8L+eOxq79xh4dXadLjBo3V3efbRPK1V9BrbIhi9HkrlyWyWstdoqxbvlwfhRk/Cotwe7bH3PLqAANWelAAAAAAAAaKvEnKoBcLcJwtFW/53URcfeW+ncv+p+n+0uIea7uuGpg+yGwWl8XAqZ6dKyp4uNZJe+4/InBTzHpROLCjyFvGHPt7SmPDbFu/WPXF0nnHjcWO6Pgrtyz6wADLIqAAAAAAAAAAAAAAAAAAAAACsW/rzcWTthPcvLOlYt/Xm4snbCe5eYWI+az3Ex0f+k1n7X6MosACElxwAAAWy3A/v7KvytP7bippbLcD+/sq/K0/tuNhhfncP5zEG0k+i93uj88S6gAJmVABiu1Tm2yfsmq924yoxXapzbZP2TVe7ccKviPcZuG+e0faj8UapF5V8pBK8q+Ug8/L1oAAAGf7A+eXD+1qf20MAM+2Cc8uH9rU/tod1v5WO9fE1eOfVdz+HP5WbR05CSE5CSelGwAADj3CiguVDUW+pYjoqmN0T2ryK1yaKn+TVFtBxifDM2vWMTsVrrfWSwtRfARy8FfRobZShu/Lhi2baJQ5bTw8GC+UqNkcicXdo9Gr51bwVNLjdHj0VUX2X7mewaHMW7kxaph83qrRzXtR1/BsrWACLFmAAAAAAAZpsaxF2c7TsexvuaviqKxj500/lMXhP8A8IphZavcOwpK/I73nNTDqy3QpR07lT+ZJxuVPI1P9xlWdHl68YesjfC/Fu8mCXF4nlJRaj7UtS97LsQxMghZDG1GsY1GtROhETiPsAnJStvPWAAAAAAAAAAAAAAAAAAAAAAAACsW/rzcWPthPcvLOlYd/Xm4sfbCe5eYWJeaz3Ey0fek1n7X6MouACElxgAfrS0tTXVMVHRwPmnmcjI42N1c5y8SIiH0+NqKzZNJSVNfUxUVFTyTzzvSOOONquc9yroiIicqmwTdS2E3LZTYqm+5HMrbxe44+6UqfZpo01VrV63cfH1ch1e7Hux02z+mhzXNqVk2RTMR8FO9NW0DV/5k616OQsgSbC8OdHKvV8bmXQVv0k6QY4qpYPhjzo5+HL+pp55R/wCKfPzvZq2gAbw8YBiu1Tm2yfsmq924yoxXapza5P2TVe7ccKviPcZuG+eUfaj8UapF5V8pBK8q+Ug8/L1oAAAFi90vYbkWV5Zbtota19DZbNUtnikc3vqqVq6o1n9qLyr5jrd27duuO1S4x5JkkMtLjFLJq5VRWurHIv2Gf29bvMbArVardZLdT2q1UcVLSUsaRQwxt4LWNTkREN5heHOq1Xq7Fs9f+jxnSTpAp4dTng2HNSqyTU5bVBPavaa7N+zlJxEgEnK2gAAA8H3ysL+dGyKoulPBw6qxTsrGqjdV7n9l6eTRdfMe8HXZFZ6XIbFcLHWsR0FfTSU70VNeJzVT/s6bikq1KVN86NrgeJSwfEqF9H7Ek+rPWutZo1FA7PJ7JU41kdzx+sYrZrfVS070/FrlTX/B1hA2mnky8FOpGtBVIPNNZrcwAD4cwAd9hGEZHtCyKmxjGKB9TWVLtOJO9jb0vcvQ1Os5Ri5Pix2nVXr07anKtWkoxis23qSS52ThGEZFtCyKmxjGKF9TV1LtOJO9jb0vcvQidZsp2KbKLfsfwinxekqPlNQ5yz1lRpp3WZyJqqfgmiIn4IcLYhsQx3Y1jraKiYypu1S1Frq9ze+ld4LepidCHpZLMNw5Wq5SfjP3FWtIXD2XCar3FZ6raD65tc76F0LrevUgANqeYgAAAAAAAAAAAAAAAAAAAAAAAA8O3sNl+X7U8Ntdmw6iiqammuKVEjZJmxojO5ubrqv4qh7iDqrUo16bpy2M2WEYpWwW+p39uk5weaz2dGvZ8TXMu5zt18XqP16P4j6nO3bxdo/Xo/ibGNE6honUazvJb9L937HpH0y4/wDd0vyy/wAzXP8AU527eLtH69H8Sxu7Xuu0+zdrMuziCCpyN2vcIUVHx0SdaLyK9evo6CxeidRJ3UMKt7eaqLNtdJqMb0m45jlnKyquMIS28RNNrozbep8+W3ZsAANkeeAAAA6HPbXWXzCr5Z7dGklVW2+eCFquREV7mKiJqvJxqd8D5JcZNM7aFWVCrGrHbFp9ms1zruc7dFXix+j9ej+I+pzt18XqP16P4mxfROoaJ1Go7yW/S/d+x6r9MmP/AHdL8sv8jXR9Tnbr4vUfr0fxMx2WblWZ1eUQzbS4YKGzUypJJHDUNkfUKi/YTg/ZTrUvNonUScoYNbQkpa2Y93pd4QXVCVFKEOMsuNGLzW7OTWfUcS1Wq3WO3U9ptNHFS0lLGkUMMTeC1jU5ERDlgG2Sy1I8vlKU5OUnm2AADiAAAAAAU03it13aBmO02uynBrVTT0Vxjjkl4dQyNUmRNHcS+RF1PMvqc7dfF6j9ej+JsXGidRqquEW9Wbm29f8AOg9Nw7SvjmG2lOzpxpuMEoptSbyWpZ+EjXR9Tnbr4vUfr0fxH1Oduvi9R+vR/E2L6J1DROo4d5Lfpfav2M36Zcf+7pfll/ka64dzbblJKxj7HRRtc5EV61sao1NeXlLlbENiGO7G8dbRUTGVN2qWo6ur1b30jvBb1MToTznpWidRJk22G0LWXHhrfrI7wj0g4xwmt1aXTjGnnm1BNcbozzbzy6NnuAAM8g4AAAAAAAAAAAAAAAAAAAAAAAAAAAAAAAAAAAAAAAAAAAAAAAAAAAAAAAAAAAAAAAAAAAAAAAAAAAAAAAAAAAAAAAAAAAAAAAAAAAAAAAAAAAAAAAAAAAAAAAAAAAAAAAAAAAAAAAAAAAAAAAAAAAAAAAAAAAAAAAAAAAAAAAAAAAAAAAAAAAAAAAAAAAAAAAAAAAAAAAAAAAAAAAAAAAAAAAAAAAAAAAAAAAAAAAAAAAAAAAAAAAAAAAAAAAAAAAAAAAAAAAAAAAAAAAAAAAAAAAAAAAAAAAAAAAAAAAAAAAAAAAAAAAAAAAAAAAAAB//Z"],"gallery":["data:image/jpeg;base64,/9j/4AAQSkZJRgABAQAAAQABAAD/4gHYSUNDX1BST0ZJTEUAAQEAAAHIAAAAAAQwAABtbnRyUkdCIFhZWiAH4AABAAEAAAAAAABhY3NwAAAAAAAAAAAAAAAAAAAAAAAAAAAAAAAAAAAAAQAA9tYAAQAAAADTLQAAAAAAAAAAAAAAAAAAAAAAAAAAAAAAAAAAAAAAAAAAAAAAAAAAAAAAAAAAAAAAAAAAAAlkZXNjAAAA8AAAACRyWFlaAAABFAAAABRnWFlaAAABKAAAABRiWFlaAAABPAAAABR3dHB0AAABUAAAABRyVFJDAAABZAAAAChnVFJDAAABZAAAAChiVFJDAAABZAAAAChjcHJ0AAABjAAAADxtbHVjAAAAAAAAAAEAAAAMZW5VUwAAAAgAAAAcAHMAUgBHAEJYWVogAAAAAAAAb6IAADj1AAADkFhZWiAAAAAAAABimQAAt4UAABjaWFlaIAAAAAAAACSgAAAPhAAAts9YWVogAAAAAAAA9tYAAQAAAADTLXBhcmEAAAAAAAQAAAACZmYAAPKnAAANWQAAE9AAAApbAAAAAAAAAABtbHVjAAAAAAAAAAEAAAAMZW5VUwAAACAAAAAcAEcAbwBvAGcAbABlACAASQBuAGMALgAgADIAMAAxADb/2wBDAAMCAgICAgMCAgIDAwMDBAYEBAQEBAgGBgUGCQgKCgkICQkKDA8MCgsOCwkJDRENDg8QEBEQCgwSExIQEw8QEBD/2wBDAQMDAwQDBAgEBAgQCwkLEBAQEBAQEBAQEBAQEBAQEBAQEBAQEBAQEBAQEBAQEBAQEBAQEBAQEBAQEBAQEBAQEBD/wAARCAFAAZADASIAAhEBAxEB/8QAHQABAAICAwEBAAAAAAAAAAAAAAEIBgkEBQcCA//EAEYQAAEDAwECBwsJBwUBAQAAAAABAgMEBQYRBwgSITE3QVF1EyJSVnGBkZSys9EUFhcYMjVhdIIVI0JDU2KhkqKxweEkZf/EABwBAQACAgMBAAAAAAAAAAAAAAAGCAQFAgMHAf/EAEIRAAIBAgIEBwwJBAMBAAAAAAABAgMEBREHITFxBhITQVGBkRQVIjIzNDZhcqGxshc1QlNzksHR8FKC0uFiY6LC/9oADAMBAAIRAxEAPwDamAAAAAAAAAAAAAAAAAAAAAAAAAAAAAAAAAAAAAAAAAAAAAAAAAAAAAAAAAAAAAAAAAAAAAAAAAAAAAAAAAAAAAAAAAAAAAAAAAAAAAAAAAAAAAAAAAAAAAAAAAAAAAAAAAAAAAAAAAAAAAAAAAAAAAAAAAAAAAAAAAAAAAAAAAAAAAAAAAAAAAAAAAAAAAAAAAAAAAAAAAAAAAAAAAAAAAAAAAAAAAAAAAAAAAAAAAAAAAAAAAAAAAAAAAAAAAAAAAAAAAAAAAAAAAAAAAAAAAAAAAAAAAAAAAAAAAAAAAAAAAAAAAAAAAAAAAAAAAAAAAAAAAAAAAAAAAAAAAAAAAAAAAAAAAAAAAAAAAAAAAAAAAAAAAAAAAAAAAAAAAAAAAAAAfMkkcUbpZXtYxiK5znLoiInKqqAfQMfXaBgycuX2f12P4j6QMG8b7P67H8ThykOlGV3Fc/dy7GZADH/AKQMG8b7P67H8TnWrJMfvj5I7NeqKudEiK9KedsitReTXReI+qcXqTOE7WvTjxpwaXrTOyAByOgAAAAAAA6WszTEbfUyUddk1sp54l0fHJVMa5q/iirqh+P0gYN432f12P4nHjx6TJVncSWapyy3MyAGP/SBg3jfZ/XY/ifrS5vh9bUR0lHk9rmnmcjI446tjnOcvIiIi8ajjx6Q7O5is3Tl2M7sAHIxgAcG6XyzWSNkt4utLRMkXgsdUTNjRy9SarxnxtLWzlCEqkuLBZv1HOBj/wBIGDeN9n9dj+I+kHBvG+z+ux/E48pDpRkdxXP3cuxmQAx/6QcG8b7P67H8TuaOtpLjTR1tBUxVEEreFHLE9HNcnWipxKfVKMtjOupb1qKzqQaXrTR+4AOR0gAAAAAAEcnGp0cud4XBK+CbK7SySNytc11ZGitVOVFTU+OSjtZ2U6NStqpxb3LM70GP/SBg3jfZ/XY/iPpBwbxvs/rsfxOPKQ6UdvcVz93LsZkAODar5Zr5G+WzXSlrWRu4L3U8zZEaumuiqi8S6HOOSaetHROEqcuLNZMAA+nEAAAAAAAAAAAAAAAAHzJIyGN0sr2sYxFc5zl0RETlVVA2iSSOGN0sr2sYxFVznLoiJ1qpSTei3opMhkqdnmzyuVtsY5YrhcI3aLUqnLGxfA616fITvRb0T8hfVbO9nle5tsaqxXCviXRalemNi+B1r0+QqqRvE8T42dGi9XO/0RYTRzo57n4mMYxDw9sIPm6JSXT0Lm2vXsnhO8JfSOE7wl9JANAe6E8J3hL6S2W4Gqrfsp1XX/5YPbcVMLZbgf39lX5Wn9txn4Z53D+cxBtJPovd7o/PEuoACaFQAAAAV63mN5ej2aUUuI4jUR1GTVLNHvTRzaFq/wATv7+pOjlUby+8vRbNKKXEsSqI6jJqhio96Kjm0LVT7Tv7+pPOpQavr626Vs1xuNVJUVNS9ZJZZHK5z3KuqqqqaPE8T5LOjRfhc76P9ns2jrR08UccWxWOVFa4xf2/W/8Aj827arrhXXOsmuFwq5aipqHrJLLI5XOe5V1VVVT8OE7wl9JAIztLIxiopRiskieE7wl9Jn2wRzvplw9FVfvan9tDADP9gfPLh6//AK9P7aHbb+VjvXxNZjn1Zc/hz+Vm0ZOQkhOQxfaPtHxnZfjNRk2TVjYoYkVIokX95PJpxMYnSq/4J3KSgnKTySKQ29vVu6saFCLlOTySWttsbR9o+NbMMaqMmyWsbFFEmkUSL+8nk6GMTpVf8Gt7a9tgyba/k0l7vUzoqSJVbQ0TXfu6ePXiT8XL0r0jbBtfybbDk0l7vUzoqSJVbRULXfu6ePqROly9K9JgZEsRxF3T4kNUF7y0/AHgDS4M0ld3aUrmS1vaoJ80fX0vqWrbPCd4S+kcJ3hL6SAas9LJ4TvCX0l/dybNvnDsufjlTPw6mwVKwtRV1XuD++Z6F4SegoCWC3K82TG9qvzfqJUbT5BTup0RV0Ture+Z/wAOQ2OF1uRuY57Hq7f9kB0lYR324O1uKs5U/DX9u3/y2bBAATIqKAAACFVETVQq6cZVXeh3omY+yp2e7Pa5HXNyLFX18TtUpk6Y2Kn8fWvR5eTouLiFrBzm/wDZu+D+AXvCS9jZWUc29r5ornbfR8diI3ot6JlgZU7Pdntc19yeixV9fE7VKZORY2L4fWvR5eSlEk0sr3SSSOc96q5zlXVVVekiSSSaR0sr3Pe9Vc5zl1VVXpU+SG3V1O7nx59S6C3PBjgxZcFrJWlqs29cpPbJ9L9XQubtZPCd4S+kcJ3hL6SDu8Ixyoy/L7PjNMirJcqyKnTToRzk1XzJqvmMaKcnkjf1qsKFOVWo8oxTb3LWzYFukYYmJ7HLbUyw8CqvTnXGZVTjVHcTNf0oh7ScS1W6ls9spLTRRoyno4GU8TU6GMajUT0IcsntCkqNONNcyKPYxiM8WxCtfT21JOXa9S6lqAAO01oAAAAAAAAAAAAAAAK8b7WVX7HNmFJTWS4yUjbrXpSVSx8Tnxdzc5W69CKqJqWHKxb+vNxZO2E9y8w8Qbjaza6CXcA6UK3CS0hUSa4+x69ibKLcoAIQXKAAABbLcD+/sq/K0/tuKmlstwP7+yr8rT+242GF+dw/nMQbST6L3e6PzxLqAAmZUAHSZvXz2rDr3cqadYZqWgnljkT+BzWKqL5lO7MW2pc2+T9lVXu3HCo8oN+oyrGCqXVKEtjlFe9Gqy519XdLhUXCvqpKioqJHSSSyOVznuVeNVVTiku+0vlIIBtL2RioxUY7EAAfDkDP9gnPLh/a1P7aGAGfbBOeXD+16f20O638rHeviavHPqu5/Dn8rNo6chQPfeXJY9qsMF0uE01sfRRzW+FeKOJONH6J18JF1XlL+JyFZN+rC/2tgltzGnh1mstV3KVyJx9xl0Tj/BHIn+olmK03UtZZc2sq5oxxCnYcJKPKpZVM4Zvmb2ZdDbSW5lFQAQ0tuAAADtcVvtTjGS2zIaR6tmt9VHUNVF0+y5FOqB9TaeaOFWnGtB05rNNZPczbrj15pcisVBfaJyOgr6aOpjVOp7UX/s7E8G3Nc2TKdkdPaZplfVWGZ1G9FXj7mvfMX0Lp5j3knlvVVelGoudFH8dw2WD4lXsJ/Yk11Z6n1rJgAHcao8O3t9p1x2dbNkhsVYtNc71P8kilauj449FV7m9S6aJr+JrskkkmkdLK9z3vVXOc5dVVetSxe+/my33aXT4tTy8KnsNMjXoi8STSd87z6cErkQ7Fa7rXLWepav3La6McFjhOAUqko5VKvht8+T8VflyfWwADWnoYLF7kOFJftp0+T1MSup7BSuexVTi7tJ3rfQnCK6GwXcswr5ubJ23+oh4FVkFQ6p1VOPuLe9j9PfL50NjhVHlrmOexa/51nn+k3Fu9XB2sovKVXKC/u8b/AMplgQATIqOAAAAAAAAAAAAAAAAAACsW/rzcWTthPcvLOlYt/Xm4snbCe5eYWI+az3Ex0f8ApNZ+1+jKLAAhJccAAAFstwL7+yr8rT+24qaWy3A/v7KvytP7bjYYX53D+cxBtJPovd7o/PEuoACZlQAYttT5t8n7KqvduMpMW2p822T9lVXu3HCp4j3GZh3nlL2o/FGqN32l8pBLvtL5SDz8vYgAAAZ9sE55cP7Xp/bQwEz/AGB88uH9rU/tod1v5WO9fE1eOfVdz+HP5WbRk5DGdpuKwZtgN8xeeNHfL6KSOPVOSTTVip+KORDJk5AvGTuUVOLi9jKQ29edrWhXpPKUWmt6eaNQFXSzUNVNR1DFbLA90b0XoVF0U/E9Z3osM+ZW2W908MKMpLk9LjT6JonBl1VUTyORyeY8mIFVpulUcHzMvHhV/DFLGle09lSKl2rPLqAAOszwAACyG49m37C2j1eK1E3Bp79TKjGqvF3aPvm+lOEhfY1LYLk1RhuY2fJ6ZVR9urI51ROlqOThJ501Nr1quNPdrZS3Slej4auFk0bk5Fa5EVP+SU4JW49F03zP3MrTpkwjuXFaWIwWqrHJ+1HV8Guw5ZxLrcKe02yqulW9Gw0kL5pFVdNGtRVX/g5Z4vvbZq7D9jlyip5uBVXhzbfDoui6O43r/pRfSbWtUVGnKo+ZHl+D4dPFsQo2NPbUko9r1vqWs1/Z1klTmGY3jJqp6ukuNZLPxrroiuXRPRodEAQKTcm2y8NGjC3pxo01lGKSW5akAAfDtOfYbRUX+90FkpGq6auqY6diJ1ucif8AZtixWxUuMY3bMeoo2sht1LHTMRE4tGtRCgW5zhSZVtgpbnURcOlsETq5+qap3T7Mf+5dfMbEiTYHR4tOVV8+rsK46Z8W5e/oYbB6qceM98tnYl7wADenioAAAAAAAAAAAAAAAAAAKxb+vNxZO2E9y8s6Vi39ebiydsJ7l5hYj5rPcTHR/wCk1n7X6MosACElxwAAAe7brG2bENj1zvlZlnyzgXCCKOH5PD3RdWuVV14+LlPCQdtCtK3qKpDajWYxhNvjllOwus+JPLPJ5PU09u9GwL68Gxnwb16n/wCj68Gxnwb16n/6a/QbHv1c+rsIB9EHBz/s/Mv8TYF9eDYz4N69T/8ATpM33ydkl/w+9WShbd/lFdQzU8XCpNE4bmKiarrxJqpRgHyWMXMlk8uw7KOiTg9QqRqx5TOLTXhLm6iVXVVXrIANUenAAAAz/YHzy4f2tT+2hgBn2wTnlw/tan9tDut/Kx3r4mrxz6rufw5/KzaOnISQnIST0o2VN388M+U2OxZzTxKrqOZ1DUORP4Hpwm6+dq+kpWbTdtuHNzvZdkGOpFw5pqR0tOmmqpMzv2aedNPOatHsdG90b2qjmqqKi9CkUxmjydfjr7S+BaHRBi3d2COzk/Coya/tlrXv4y6j5ABpz1cAAAGxvdGzdMw2PW+mmkV1VZHOt8uvLwW8bF/0qieY1yFntxXNf2Xm9zwuol0ivFN3eFqrxd2j+LVX0GzwmtyVyk9ktR5xpSwjvnweqVIrOVFqa3LVL3NvqL0FHN+3NVuWYWnCqeXWG1U61MzUX+bJya/pRPSXeqZ4qWnlqZno2OJjnvcvIiImqqaq9q+XS51tEv2TyPVzKysesPHrpE1eCxE/SiG3xqtxKCpr7T9yPKdD2E92YzO+kvBox1e1LUvdxjEgARUs6AD96Kkmr62noadivlqZWxRtTlc5y6InpU+nxtRWb2F6NxjC0s2z2vy2oh4M98q1bG5f6MXEn+5XFlzG9nOLQ4Vg9kxeFqJ+z6KOJ6p0yaavXzuVTJCdWtHkKMafQikvCbFXjWL3F9nqnJ5eytUfckAAZBogAAAAAAAAAAAAAAAAAAVi39ebiydsJ7l5Z0rFv683Fk7YT3LzCxHzWe4mOj/0ms/a/RlFgAQkuOAAAAAAAAAAAAAAAAAADPtgnPLh/a9P7aGAmf7BOeXD+1qf20O638tHeviavHPqu5/Dn8rNoychJCchJPSjZDmo5qtcmqKmioav94LDVwba3kNnZFwKeSqdV06Imidzl79NPSqG0Epvv7YWjJsfzymg4no63VTkTpTV0ar5uEnmQ1OM0eUt+OtsT1LRHi3cGO9yyfg1ouP9y8JfBrrKggAiRaYAAAGT7MsrnwjPrHlMDlRaCsjkenWzXRyedFUxgHKMnCSktqOm5t4XVGdCqs4yTT3NZM2WbxWfw4vsTut7oalEkulO2lpHIvGvdk01T9Kqa09VVdV5VPX9qO2WbN9lWDYb8oV01phk+Xp1vYvAi1/RqvnPIDPxK6V1VTjsSX7sg2jvg1Pg3h1SnWXhyqSz3RfFj2pZreAAa4n4PXt1bDEzLbJZ2Tw8OltauuE2qap+7+zr+rgnkJdjcMwv5Hj17zmpi0kuEzaKncqfy2cb9PK5UT9JnYdR5e5jHmWvsIbw+xbvNwfuK0XlKS4kd8tXuWb6i1qJomhIBNSnIAAAAAAAAAAAAAAAAAAAAAKxb+vNxZO2E9y8s6Vi39ebiydsJ7l5hYj5rPcTHR/6TWftfoyiwAISXHAAAABKIq8SNVfIgBAJ4D/6bvQTwJP6b/QD5mj5BPAf/Td6BwXpysd6AM0QAAfQAAAZ/sD55cP7Wp/bQwAz/YHzy4f2tT+2h3W/lY718TV459V3P4c/lZtGTkJITkJJ6UbB5jvH4Ymb7IL/AG2OHulRTU61sCaarw4u+4vMioenHxNEyaJ8UrUcx7Va5F5FReVDhVgqsHB85m4de1MNvKV5S8aElJdTzNPqoqKqKmipxKQZjtfxCTBdpV/xl0fAjpax6w8XLE5eExfQqGHEBnFwk4vai8dpc07y3hc0nnGaUluazQABxMgAAAAAAAAA+o43zSNhjarnvcjWonSqm0/YxiEeDbMsfxxsfAkgo2Pn/GV6cJ6+lVNe+7thnz62vWCzyxcOmhn+WVKdHcou+XXy6InnNnjURrUaiaIhI8Co6pVXuK/6asWznb4XB7M5y6/Bj/8ARIAJAeDgAAAAAAAAAAAAAAAAAAAAArFv683Fk7YT3LyzpWLf15uLJ2wnuXmFiPms9xMdH/pNZ+1+jKLAAhJccAAAFptxOz2m73zJ2XW20tY2OmgVqTxNejV4TuTVCrJbLcC+/sq/K0/tuM/DEndQz/mohGkeUocGLqUXk8o/PEt18ysP8VrV6nH8B8ysP8V7V6pH8DugTLiR6Co3ddx/W+1nS/MrD/Fe1eqR/AxnabiGK0+zvJJ4MbtkcjLXUua5tKxFavc3caLoegGLbU+bbJ+yqr3bjrqQjxHq5jMw66ru8pJzfjR530o1Ru+0vlIJd9pfKQQIvIgAAAZ/sD55cP7Wp/bQwAz/AGB88uH9rU/tod1Dysd6+Jq8c+q7n8Ofys2jJyEkJyEk9KNgAAFIt/DClocns2cU0OkVxp1pKhyJxd0jXVqr+l3+Cqxsk3r8L+eOxq79xh4dXadLjBo3V3efbRPK1V9BrbIhi9HkrlyWyWstdoqxbvlwfhRk/Cotwe7bH3PLqAANWelAAAAAAAAaKvEnKoBcLcJwtFW/53URcfeW+ncv+p+n+0uIea7uuGpg+yGwWl8XAqZ6dKyp4uNZJe+4/InBTzHpROLCjyFvGHPt7SmPDbFu/WPXF0nnHjcWO6Pgrtyz6wADLIqAAAAAAAAAAAAAAAAAAAAACsW/rzcWTthPcvLOlYt/Xm4snbCe5eYWI+az3Ex0f+k1n7X6MosACElxwAAAWy3A/v7KvytP7bippbLcD+/sq/K0/tuNhhfncP5zEG0k+i93uj88S6gAJmVABiu1Tm2yfsmq924yoxXapzbZP2TVe7ccKviPcZuG+e0faj8UapF5V8pBK8q+Ug8/L1oAAAGf7A+eXD+1qf20MAM+2Cc8uH9rU/tod1v5WO9fE1eOfVdz+HP5WbR05CSE5CSelGwAADj3CiguVDUW+pYjoqmN0T2ryK1yaKn+TVFtBxifDM2vWMTsVrrfWSwtRfARy8FfRobZShu/Lhi2baJQ5bTw8GC+UqNkcicXdo9Gr51bwVNLjdHj0VUX2X7mewaHMW7kxaph83qrRzXtR1/BsrWACLFmAAAAAAAZpsaxF2c7TsexvuaviqKxj500/lMXhP8A8IphZavcOwpK/I73nNTDqy3QpR07lT+ZJxuVPI1P9xlWdHl68YesjfC/Fu8mCXF4nlJRaj7UtS97LsQxMghZDG1GsY1GtROhETiPsAnJStvPWAAAAAAAAAAAAAAAAAAAAAAAACsW/rzcWPthPcvLOlYd/Xm4sfbCe5eYWJeaz3Ey0fek1n7X6MouACElxgAfrS0tTXVMVHRwPmnmcjI42N1c5y8SIiH0+NqKzZNJSVNfUxUVFTyTzzvSOOONquc9yroiIicqmwTdS2E3LZTYqm+5HMrbxe44+6UqfZpo01VrV63cfH1ch1e7Hux02z+mhzXNqVk2RTMR8FO9NW0DV/5k616OQsgSbC8OdHKvV8bmXQVv0k6QY4qpYPhjzo5+HL+pp55R/wCKfPzvZq2gAbw8YBiu1Tm2yfsmq924yoxXapza5P2TVe7ccKviPcZuG+eUfaj8UapF5V8pBK8q+Ug8/L1oAAAFi90vYbkWV5Zbtota19DZbNUtnikc3vqqVq6o1n9qLyr5jrd27duuO1S4x5JkkMtLjFLJq5VRWurHIv2Gf29bvMbArVardZLdT2q1UcVLSUsaRQwxt4LWNTkREN5heHOq1Xq7Fs9f+jxnSTpAp4dTng2HNSqyTU5bVBPavaa7N+zlJxEgEnK2gAAA8H3ysL+dGyKoulPBw6qxTsrGqjdV7n9l6eTRdfMe8HXZFZ6XIbFcLHWsR0FfTSU70VNeJzVT/s6bikq1KVN86NrgeJSwfEqF9H7Ek+rPWutZo1FA7PJ7JU41kdzx+sYrZrfVS070/FrlTX/B1hA2mnky8FOpGtBVIPNNZrcwAD4cwAd9hGEZHtCyKmxjGKB9TWVLtOJO9jb0vcvQ1Os5Ri5Pix2nVXr07anKtWkoxis23qSS52ThGEZFtCyKmxjGKF9TV1LtOJO9jb0vcvQidZsp2KbKLfsfwinxekqPlNQ5yz1lRpp3WZyJqqfgmiIn4IcLYhsQx3Y1jraKiYypu1S1Frq9ze+ld4LepidCHpZLMNw5Wq5SfjP3FWtIXD2XCar3FZ6raD65tc76F0LrevUgANqeYgAAAAAAAAAAAAAAAAAAAAAAAA8O3sNl+X7U8Ntdmw6iiqammuKVEjZJmxojO5ubrqv4qh7iDqrUo16bpy2M2WEYpWwW+p39uk5weaz2dGvZ8TXMu5zt18XqP16P4j6nO3bxdo/Xo/ibGNE6honUazvJb9L937HpH0y4/wDd0vyy/wAzXP8AU527eLtH69H8Sxu7Xuu0+zdrMuziCCpyN2vcIUVHx0SdaLyK9evo6CxeidRJ3UMKt7eaqLNtdJqMb0m45jlnKyquMIS28RNNrozbep8+W3ZsAANkeeAAAA6HPbXWXzCr5Z7dGklVW2+eCFquREV7mKiJqvJxqd8D5JcZNM7aFWVCrGrHbFp9ms1zruc7dFXix+j9ej+I+pzt18XqP16P4mxfROoaJ1Go7yW/S/d+x6r9MmP/AHdL8sv8jXR9Tnbr4vUfr0fxMx2WblWZ1eUQzbS4YKGzUypJJHDUNkfUKi/YTg/ZTrUvNonUScoYNbQkpa2Y93pd4QXVCVFKEOMsuNGLzW7OTWfUcS1Wq3WO3U9ptNHFS0lLGkUMMTeC1jU5ERDlgG2Sy1I8vlKU5OUnm2AADiAAAAAAU03it13aBmO02uynBrVTT0Vxjjkl4dQyNUmRNHcS+RF1PMvqc7dfF6j9ej+JsXGidRqquEW9Wbm29f8AOg9Nw7SvjmG2lOzpxpuMEoptSbyWpZ+EjXR9Tnbr4vUfr0fxH1Oduvi9R+vR/E2L6J1DROo4d5Lfpfav2M36Zcf+7pfll/ka64dzbblJKxj7HRRtc5EV61sao1NeXlLlbENiGO7G8dbRUTGVN2qWo6ur1b30jvBb1MToTznpWidRJk22G0LWXHhrfrI7wj0g4xwmt1aXTjGnnm1BNcbozzbzy6NnuAAM8g4AAAAAAAAAAAAAAAAAAAAAAAAAAAAAAAAAAAAAAAAAAAAAAAAAAAAAAAAAAAAAAAAAAAAAAAAAAAAAAAAAAAAAAAAAAAAAAAAAAAAAAAAAAAAAAAAAAAAAAAAAAAAAAAAAAAAAAAAAAAAAAAAAAAAAAAAAAAAAAAAAAAAAAAAAAAAAAAAAAAAAAAAAAAAAAAAAAAAAAAAAAAAAAAAAAAAAAAAAAAAAAAAAAAAAAAAAAAAAAAAAAAAAAAAAAAAAAAAAAAAAAAAAAAAAAAAAAAAAAAAAAAAAAAAAAAAAAAAAAAAAAAAAAAAAAAAAAAAAB//Z"]}', '[]', '{}', '{}', '{}', '2026-02-23 04:37:22', '2026-02-26 06:15:00'),
  ('a3f2a533-cf53-498e-8c03-8479a2656af0', 'RK Jwellery', 'Jewellery Seller', 'Owner: Roshni Kulkarni', 'Gold Plated jwellery', 'Nashik', 'Nashik', 'Nashik', NULL, '422680', 'Roshni Kulkarni', NULL, 'rkjwellers@gmail.com', NULL, 0, 0, 1, 1, 'active', NULL, NULL, '919767133094', '919767133094', '["Nashik"]', '[]', '["vendor-card","RK Jwellery","gold plated jewellery","jewellery","ornaments","nashik"]', '["Gold Plated Jewellery"]', '[]', '[]', '{"coverImages":["/product-images/gold-plated-jwellery.png"],"gallery":["/product-images/gold-plated-jwellery.png"]}', '[]', '{}', '{}', '{}', '2026-02-23 04:37:54', '2026-02-26 05:00:30'),
  ('a1193b71-5000-468d-9c47-4921a05deb23', 'Pooja sahitya', 'Pooja Product Seller', 'Owner: Sarita Kelkar', 'Pooja Sahitya', 'Wardha', 'Wardha', 'Wardha', NULL, '421474', 'Sarita Kelkar', NULL, 'poojasahitya@gmail.com', NULL, 0, 0, 1, 1, 'active', NULL, NULL, '917262918714', '917262918714', '["Wardha"]', '[]', '["vendor-card","Pooja sahitya","pooja sahitya","pooja products","religious items","wardha"]', '["Pooja Sahitya"]', '[]', '[]', '{"coverImages":["/product-images/pooja-sahitya.png"],"gallery":["/product-images/pooja-sahitya.png"]}', '[]', '{}', '{}', '{}', '2026-02-23 04:38:21', '2026-02-26 05:00:24'),
  ('31616b66-ccec-4807-82ee-2704ba6a75ac', 'National Travels', 'Tourism & Car Rental', 'Owner: Rajesh', 'Tourist', 'Mumbai', 'Mumbai', 'Mumbai', NULL, '400411', 'Rajesh', NULL, 'national.travels@gmail.com', NULL, 0, 0, 1, 1, 'active', NULL, NULL, '919820545642', '919820545642', '["Mumbai"]', '[]', '["vendor-card","National Travels","tourist","travel services","tourism","mumbai"]', '["Tourism Services"]', '[]', '[]', '{"coverImages":["/product-images/tourist.png"],"gallery":["/product-images/tourist.png"]}', '[]', '{}', '{}', '{}', '2026-02-23 04:38:53', '2026-02-26 05:00:23'),
  ('1060ba24-82cf-4723-a6f4-46d795a68a83', 'Vimoh Arts', 'Fashion Accessories Seller', 'Owner: Sneha Deshpande', 'Purses', 'Nashik', 'Nashik', 'Nashik', NULL, '413525', 'Sneha Deshpande', NULL, 'vimoh.arts@gmail.com', NULL, 0, 0, 1, 1, 'active', NULL, NULL, '919923918897', '919923918897', '["Nashik"]', '[]', '["vendor-card","Vimoh Arts","purses","bags","fashion accessories","nashik"]', '["Purses"]', '[]', '[]', '{"coverImages":["/product-images/purses.png"],"gallery":["/product-images/purses.png"]}', '[]', '{}', '{}', '{}', '2026-02-23 04:39:15', '2026-02-26 05:00:22'),
  ('e7a06c66-a051-4705-868b-cdd82908892a', 'Rahul Coldpressed Oil', 'Healthy Food Seller', 'Owner: Rahul Awari', 'All types of Coldpressed Oil', 'Jalgaon', 'Jalgaon', 'Jalgaon', NULL, '437541', 'Rahul Awari', NULL, 'ra.coldpressedoil@gmail.com', NULL, 0, 0, 1, 1, 'active', NULL, NULL, '919766844332', '919766844332', '["Jalgaon"]', '[]', '["vendor-card","Rahul Coldpressed Oil","coldpressed oil","edible oil","healthy oil","jalgaon"]', '["Coldpressed Oil"]', '[]', '[]', '{"coverImages":["/product-images/rahul-coldpressed-oil.png"],"gallery":["/product-images/rahul-coldpressed-oil.png"]}', '[]', '{}', '{}', '{}', '2026-02-23 04:39:53', '2026-02-26 05:00:18'),
  ('8bca7702-59e3-4b58-9ec3-f57700f57b8b', 'Amrutkar Financial services', 'Insurance Services', 'Owner: Narendra Amrutkar', 'Insurance Business', 'Thane', 'Thane', 'Thane', NULL, '400861', 'Narendra Amrutkar', NULL, 'narendraamrutkar67@gmail.com', NULL, 0, 0, 1, 1, 'active', NULL, NULL, '919224386277', '919224386277', '["Thane"]', '[]', '["vendor-card","Amrutkar Financial services","insurance","insurance business","policy services","thane"]', '["Insurance Business"]', '[]', '[]', '{"coverImages":["/product-images/amrutkar-financial-services.png"],"gallery":["/product-images/amrutkar-financial-services.png"]}', '[]', '{}', '{}', '{}', '2026-02-23 04:40:19', '2026-02-26 05:00:19'),
  ('7c67f1c9-1c10-4eb8-85b4-e884232d70cb', 'Karve Foods', 'Healthy Food Seller', 'Owner: Vaishali Karve', 'Vegetarian Food', 'Pune', 'Pune', 'Pune', NULL, '411022', 'Vaishali Karve', NULL, 'vaishalikarve@gmail.com', NULL, 0, 0, 1, 1, 'active', NULL, NULL, '919820765661', '919820765661', '["Pune"]', '[]', '["vendor-card","Karve Foods","vegetarian food","veg food","healthy food","pune"]', '["Vegetarian Food"]', '[]', '[]', '{"coverImages":["/product-images/karve-logo.jpeg"],"gallery":["/product-images/karve-logo.jpeg"]}', '[]', '{}', '{}', '{}', '2026-02-23 04:40:47', '2026-02-26 05:00:15'),
  ('c58ca080-a5c4-4865-b3d4-4e6716f861a8', 'Vipra krushi udyog', 'Healthy Food Seller', 'Owner: Apurva Amarendra Sathe', 'Natural products, milk ghee A2, poison-safe pack food products like amla papdi, khajur pickle, kharik bites, natural fruits (Anjir, grapes).', 'Prabhat Road, Lane No 14', 'Pune', '107/9 Jaygad Bharati Niwas, flat no 202, opp Income Tax, Prabhat Rd, Lane no 14, Pune', NULL, '411004', 'Apurva Amarendra Sathe', NULL, 'apurvasathe27@gmail.com', NULL, 0, 0, 1, 1, 'active', NULL, NULL, '917709007306', '917709007306', '["Pune"]', '[]', '["vendor-card","Vipra krushi udyog","natural products","A2 milk ghee","pack food products","amla papdi","khajur pickle","kharik bites","healthy food","pune"]', '["Natural Products","A2 Milk & Ghee","Pack Food Products"]', '[]', '[]', '{"coverImages":["/product-images/vipra-krushi-udyog.png"],"gallery":["/product-images/vipra-krushi-udyog.png"]}', '[]', '{}', '{}', '{}', '2026-02-23 04:41:18', '2026-02-26 05:00:11'),
  ('9c291c71-7a34-4e75-a1d8-1af397e5b1f6', 'Prajakta Beauty Parlour', 'Beauty Parlour Services', 'Owner: Prajakta Zagde', 'Ladies Beauty Parlour', 'Pune', 'Pune', 'Pune', NULL, '411589', 'Prajakta Zagde', NULL, 'prajaktaparlour@gmail.com', NULL, 0, 0, 1, 1, 'active', NULL, NULL, '919175184154', '919175184154', '["Pune"]', '[]', '["vendor-card","Prajakta Beauty Parlour","ladies beauty parlour","beauty parlour","salon","pune"]', '["Ladies Beauty Parlour"]', '[]', '[]', '{"coverImages":["/product-images/ladies-beauty-parlour.png"],"gallery":["/product-images/ladies-beauty-parlour.png"]}', '[]', '{}', '{}', '{}', '2026-02-23 04:41:53', '2026-02-26 05:00:05'),
  ('2a96a814-bb55-4637-b857-87018c08b55d', 'Balaji Guest House', 'Hotel & Guest House', 'Owner: Akash', 'Hotel, Guest House, Rooms', 'Nashik', 'Nashik', 'Nashik', NULL, '422681', 'Akash', NULL, 'balajiguesthouse@gmail.com', NULL, 0, 0, 1, 1, 'active', NULL, NULL, '919922780849', '919922780849', '["Nashik"]', '[]', '["vendor-card","Balaji Guest House","hotel","guest house","rooms","hospitality","nashik"]', '["Hotel","Guest House","Rooms"]', '[]', '[]', '{"coverImages":["/product-images/hotel-guest-house-rooms.png"],"gallery":["/product-images/hotel-guest-house-rooms.png"]}', '[]', '{}', '{}', '{}', '2026-02-23 04:43:34', '2026-02-26 05:00:17'),
  ('71d02338-bebb-4c03-9f9e-fc4bc08467f0', 'Urban Money Pvt Ltd', 'Loan Services', 'Owner: Kaviraj Jadhav', 'Loan Services', 'Kolhapur', 'Kolhapur', 'Kolhapur', NULL, '453208', 'Kaviraj Jadhav', NULL, 'urbanmoney@gmail.com', NULL, 0, 0, 1, 1, 'active', NULL, NULL, '919028041009', '919028041009', '["Kolhapur"]', '[]', '["vendor-card","Urban Money Pvt Ltd","loan services","finance","lending","kolhapur"]', '["Loan Services"]', '[]', '[]', '{"coverImages":["/product-images/loan-services.png"],"gallery":["/product-images/loan-services.png"]}', '[]', '{}', '{}', '{}', '2026-02-23 04:44:08', '2026-02-26 05:00:00'),
  ('a7319e76-afb3-43a0-989e-474e7a833a88', 'Ruloans', 'Loan Services', 'Owner: Ankita', 'Loans Service', 'Thane', 'Thane', 'Thane', NULL, '400867', 'Ankita', NULL, 'ruloans@gmail.com', NULL, 0, 0, 1, 1, 'active', NULL, NULL, '919925749441', '919925749441', '["Thane"]', '[]', '["vendor-card","Ruloans","loan services","loans","finance","thane"]', '["Loans Service"]', '[]', '[]', '{"coverImages":["/product-images/ruloans.png"],"gallery":["/product-images/ruloans.png"]}', '[]', '{}', '{}', '{}', '2026-02-23 04:44:38', '2026-02-26 05:00:01'),
  ('02a0595f-26c3-47f9-b079-ee5288d1b97e', 'Om Dental Lab', 'Dental Services', 'Owner: Arun', 'Dental Clinic', 'Pune', 'Pune', 'Pune', NULL, '400899', 'Arun', NULL, 'omdental@gmail.com', NULL, 0, 0, 1, 1, 'active', NULL, NULL, '918421136928', '918421136928', '["Pune"]', '[]', '["vendor-card","Om Dental Lab","dental clinic","dental services","dentist","pune"]', '["Dental Clinic"]', '[]', '[]', '{"coverImages":["/product-images/dental-clinic.png"],"gallery":["/product-images/dental-clinic.png"]}', '[]', '{}', '{}', '{}', '2026-02-23 04:45:23', '2026-02-26 04:59:56'),
  ('fa921b18-8120-404c-8b7f-3dd833abfc66', 'Atal Publication', 'Printing Services', 'Owner: Atal Publication', 'Printing Business', 'Pune', 'Pune', 'Pune', NULL, '411024', 'Atal Publication', NULL, 'atalpublications@gmail.com', NULL, 0, 0, 1, 1, 'active', NULL, NULL, '919309483175', '919309483175', '["Pune"]', '[]', '["vendor-card","Atal Publication","printing business","printing services","publication","pune"]', '["Printing Business"]', '[]', '[]', '{"coverImages":["/product-images/printing-business.png"],"gallery":["/product-images/printing-business.png"]}', '[]', '{}', '{}', '{}', '2026-02-23 04:45:58', '2026-02-26 04:59:58'),
  ('07e2c948-18e1-459a-81dc-6720956ac08f', 'Birla Guest House', 'Hotel & Guest House', 'Owner: Birla', 'Guest house', 'Nashik', 'Nashik', 'Nashik', NULL, '422085', 'Birla', NULL, 'birlaguesthouse@gmail.com', NULL, 0, 0, 1, 1, 'active', NULL, NULL, '917276197637', '917276197637', '["Nashik"]', '[]', '["vendor-card","Birla Guest House","guest house","hotel","rooms","nashik"]', '["Guest House"]', '[]', '[]', '{"coverImages":["/product-images/guest-house.png"],"gallery":["/product-images/guest-house.png"]}', '[]', '{}', '{}', '{}', '2026-02-23 04:46:37', '2026-02-26 04:59:55'),
  ('76460b7f-3650-40a4-96c6-c91dc94f1be3', 'Deshpande Tours', 'Tourism & Car Rental', 'Owner: Deshpande', 'Tourism', 'Kolhapur', 'Kolhapur', 'Kolhapur', NULL, '450011', 'Deshpande', NULL, 'deshpandetours71@gmail.com', NULL, 0, 0, 1, 1, 'active', NULL, NULL, '918010909303', '918010909303', '["Kolhapur"]', '[]', '["vendor-card","Deshpande Tours","tourism","travel services","tours","kolhapur"]', '["Tourism Services"]', '[]', '[]', '{"coverImages":["/product-images/tourism.png"],"gallery":["/product-images/tourism.png"]}', '[]', '{}', '{}', '{}', '2026-02-23 04:47:01', '2026-02-26 04:59:53')
ON DUPLICATE KEY UPDATE
  name = VALUES(name),
  category = VALUES(category),
  tagline = VALUES(tagline),
  description = VALUES(description),
  locality = VALUES(locality),
  city = VALUES(city),
  address_line_1 = VALUES(address_line_1),
  address_line_2 = VALUES(address_line_2),
  pincode = VALUES(pincode),
  owner_name = VALUES(owner_name),
  established_year = VALUES(established_year),
  email = VALUES(email),
  website = VALUES(website),
  rating = VALUES(rating),
  review_count = VALUES(review_count),
  is_open_now = VALUES(is_open_now),
  verified = VALUES(verified),
  listing_status = VALUES(listing_status),
  activated_at = VALUES(activated_at),
  rejected_reason = VALUES(rejected_reason),
  phone = VALUES(phone),
  whatsapp_number = VALUES(whatsapp_number),
  service_areas = VALUES(service_areas),
  languages = VALUES(languages),
  keywords = VALUES(keywords),
  highlights = VALUES(highlights),
  services = VALUES(services),
  business_hours = VALUES(business_hours),
  media = VALUES(media),
  faqs = VALUES(faqs),
  policies = VALUES(policies),
  social_links = VALUES(social_links),
  verification = VALUES(verification),
  created_at = VALUES(created_at),
  updated_at = VALUES(updated_at)
;

INSERT INTO offers (id, title, subtitle, badge, active, created_at, updated_at) VALUES
  ('o-1', 'Up to 30% Off Home Services', 'Limited time launch discount on selected verified vendors.', 'Launch Deal', 1, '2026-02-15 07:38:49', '2026-02-15 07:38:49'),
  ('o-2', 'Quote on Bulk Orders', 'Manufacturing and logistics suppliers can respond within 15 mins.', 'B2B', 1, '2026-02-15 07:38:49', '2026-02-15 07:38:49'),
  ('o-3', 'Clinic Booking Week', 'Healthcare listings get priority placement for local patients.', 'Healthcare', 1, '2026-02-15 07:38:49', '2026-02-15 07:38:49')
ON DUPLICATE KEY UPDATE
  title = VALUES(title),
  subtitle = VALUES(subtitle),
  badge = VALUES(badge),
  active = VALUES(active),
  created_at = VALUES(created_at),
  updated_at = VALUES(updated_at)
;

INSERT INTO leads (id, business_id, name, phone, message, source, created_at) VALUES
  ('42d5a37b-3f4c-43e1-80b3-b1dd927a739f', '2b6d0401-bdb6-4cc3-80e7-0893fed952c9', 'Anonymous Visitor', '919822042064', 'Interested in SaP IT Solutions', 'profile', '2026-02-22 08:51:14'),
  ('b236236a-658f-498c-a53c-9d28f096e341', '4b63fc06-e356-4963-8d7c-fa0d1c6ed370', 'Anonymous Visitor', '919921265043', 'Interested in SN Digital Marketing', 'profile', '2026-02-22 09:04:04'),
  ('76901b0c-c06e-4c63-904c-edd851aa6c7c', '78d7d6e1-babb-44af-971c-9fd30874dabb', 'Anonymous Visitor', '919359258301', 'Interested in में.भाग्यलक्ष्मि गिफ्ट शाँप', 'profile', '2026-02-23 05:33:10'),
  ('8df11783-5787-42a0-a8c3-fdfb1a4f22b1', '76460b7f-3650-40a4-96c6-c91dc94f1be3', 'Anonymous Visitor', '918010909303', 'Interested in Deshpande Tours', 'profile', '2026-02-23 08:00:09'),
  ('208151f9-7447-47c7-b22e-9f3ef16c06c0', '8c9c975c-cda0-435f-8efb-9a844052391b', 'Anonymous Visitor', '917741943094', 'Interested in Ayushree entarprizess', 'profile', '2026-02-25 11:39:46'),
  ('37cc6635-8192-472c-bb10-2a68b1557481', '1ab29b34-555d-4bc8-a133-4a3685c8c60f', 'Anonymous Visitor', '919422714975', 'Interested in Shitalfoods', 'profile', '2026-02-25 11:46:09'),
  ('ad0dcb8d-501a-4722-aaf1-b835470a4040', '8bf65725-d4d6-4249-8d08-ac9794998e04', 'Anonymous Visitor', '919967504303', 'Interested in HV ASSOCIATES', 'profile', '2026-02-25 11:46:27'),
  ('5ddbdc48-9e51-49b0-9095-a2c0953bb7ec', 'e7a06c66-a051-4705-868b-cdd82908892a', 'Anonymous Visitor', '919766844332', 'Interested in Rahul Coldpressed Oil', 'profile', '2026-02-25 11:46:43'),
  ('37882d21-41c5-4ffa-aeba-be997f031053', '7c67f1c9-1c10-4eb8-85b4-e884232d70cb', 'Anonymous Visitor', '919820765661', 'Interested in Karve Foods', 'profile', '2026-02-25 11:46:48'),
  ('55aadefa-2004-471b-a9c7-5130769ba5ba', 'c58ca080-a5c4-4865-b3d4-4e6716f861a8', 'Anonymous Visitor', '917709007306', 'Interested in Vipra krushi udyog', 'profile', '2026-02-25 11:46:56'),
  ('d6ae6825-6e86-4199-bfbe-9d1306b7c8a8', '7c67f1c9-1c10-4eb8-85b4-e884232d70cb', 'Anonymous Visitor', '919820765661', 'Interested in Karve Foods', 'profile', '2026-02-25 11:47:41'),
  ('fddf17bc-5400-49e5-873a-8ee2067e02d9', 'e7a06c66-a051-4705-868b-cdd82908892a', 'Anonymous Visitor', '919766844332', 'Interested in Rahul Coldpressed Oil', 'profile', '2026-02-25 11:47:52'),
  ('efcd78ff-b6dd-47aa-8baa-c66f70a5b75d', '1ab29b34-555d-4bc8-a133-4a3685c8c60f', 'Anonymous Visitor', '919422714975', 'Interested in Shitalfoods', 'profile', '2026-02-25 11:48:13'),
  ('1fce48fa-9d6a-4e99-8216-67b585f7c50d', '144ff98b-f0b8-477e-b2d9-37a72f177ba0', 'Anonymous Visitor', '919823059704', 'Interested in Safar Tourism', 'profile', '2026-02-25 11:48:22'),
  ('d3c36104-9fdb-4475-837d-0e0c8160d66e', '66977bef-a6b9-4f85-81b9-6abffa37b581', 'Anonymous Visitor', '919766083144', 'Interested in प्राची टूर्स व प्राची मार्केटिंग', 'profile', '2026-02-25 11:48:27'),
  ('3ddd5440-02d8-4838-934f-06b3551c520a', '31616b66-ccec-4807-82ee-2704ba6a75ac', 'Anonymous Visitor', '919820545642', 'Interested in National Travels', 'profile', '2026-02-25 11:48:58'),
  ('43ef5586-086b-40f1-96c3-bc038e93d1fe', '76460b7f-3650-40a4-96c6-c91dc94f1be3', 'Anonymous Visitor', '918010909303', 'Interested in Deshpande Tours', 'profile', '2026-02-25 11:49:07'),
  ('7a86e079-27b2-4595-b4a6-c24fc64ded6c', '33f635b2-65e8-428e-b6b8-1588437dced2', 'Anonymous Visitor', '919270838483', 'Interested in Loan Agency', 'profile', '2026-02-25 11:49:17'),
  ('da5e4acf-d183-4df1-bc6d-0941bcd44ea9', '71d02338-bebb-4c03-9f9e-fc4bc08467f0', 'Anonymous Visitor', '919028041009', 'Interested in Urban Money Pvt Ltd', 'profile', '2026-02-25 11:49:23'),
  ('06fac243-1f9d-44a0-ba7b-2754aa0677d4', '33f635b2-65e8-428e-b6b8-1588437dced2', 'Anonymous Visitor', '919270838483', 'Interested in Loan Agency', 'profile', '2026-02-25 11:49:26'),
  ('9bb5ca23-5205-41d8-b166-0b1566153c28', '71d02338-bebb-4c03-9f9e-fc4bc08467f0', 'Anonymous Visitor', '919028041009', 'Interested in Urban Money Pvt Ltd', 'profile', '2026-02-25 11:49:30'),
  ('e70dfaac-ff89-4d4e-b9dc-2c02c3a6571a', 'a7319e76-afb3-43a0-989e-474e7a833a88', 'Anonymous Visitor', '919925749441', 'Interested in Ruloans', 'profile', '2026-02-25 11:49:34'),
  ('774eb9cf-d4b9-4d11-9ba7-c5f561d52aa6', '39b95bb8-7076-40b0-a800-f5194c4b10d5', 'Anonymous Visitor', '919765613166', 'Interested in A K Reality', 'profile', '2026-02-25 11:49:45'),
  ('38a00072-0220-443e-9d07-6b9df3b8ab03', '7719b66a-2cf1-46d7-9cc6-f60e48d571da', 'Anonymous Visitor', '919270051013', 'Interested in Metro Property', 'profile', '2026-02-25 12:32:33'),
  ('d6035b28-5af2-4e5e-ad9f-930d57350eca', '39b95bb8-7076-40b0-a800-f5194c4b10d5', 'Anonymous Visitor', '919765613166', 'Interested in A K Reality', 'profile', '2026-02-25 12:32:38'),
  ('db046b14-4c69-445a-ba2b-e99e8ff9fe3d', '78dce21c-7543-4c49-81c7-62a1e062379c', 'Anonymous Visitor', '917276505569', 'Interested in Pushkar Lakhote', 'profile', '2026-02-25 12:32:44'),
  ('8f436c00-89ba-4dc6-bb0d-c142f3ac9df8', '4b63fc06-e356-4963-8d7c-fa0d1c6ed370', 'Anonymous Visitor', '919921265043', 'Interested in SN Digital Marketing', 'profile', '2026-02-25 12:33:27'),
  ('191e124e-0e7d-4407-b8df-2816b1e65af8', '2a96a814-bb55-4637-b857-87018c08b55d', 'Anonymous Visitor', '919922780849', 'Interested in Balaji Guest House', 'profile', '2026-02-25 12:33:35'),
  ('71bcce0f-111b-489e-8468-94d68d72fe6e', '07e2c948-18e1-459a-81dc-6720956ac08f', 'Anonymous Visitor', '917276197637', 'Interested in Birla Guest House', 'profile', '2026-02-25 12:33:39'),
  ('601efa42-7d3b-4738-b05d-df1e0e5a7600', '0663dd6c-0849-4d1d-844f-fbfc02181a96', 'Anonymous Visitor', '919175524526', 'Interested in Vardayani Services', 'profile', '2026-02-25 12:33:47'),
  ('6919039b-08a1-475b-b803-81c89e613663', '8bca7702-59e3-4b58-9ec3-f57700f57b8b', 'Anonymous Visitor', '919224386277', 'Interested in Amrutkar Financial services', 'profile', '2026-02-25 12:33:50'),
  ('eb7328f8-04ac-4e66-9dad-0c1bba85a3ba', 'd8140af2-e863-4995-8bc0-0eef57d722c1', 'Anonymous Visitor', '919403290070', 'Interested in Asmita Jwellery', 'profile', '2026-02-25 12:34:13'),
  ('6375559b-5644-47b9-9d76-3504340c3069', 'a3f2a533-cf53-498e-8c03-8479a2656af0', 'Anonymous Visitor', '919767133094', 'Interested in RK Jwellery', 'profile', '2026-02-25 12:34:26'),
  ('63210785-bf57-4c59-ae81-d759488652e3', '28c35ae9-aa4f-40ff-a799-275477ce656e', 'Anonymous Visitor', '918451881247', 'Interested in Kamat Misal House', 'profile', '2026-02-25 12:34:37'),
  ('39cbe868-d10c-4ddf-9da4-e8c2ac73e49d', '7a8b60f7-36b2-486c-bff6-84c3c2f86219', 'Anonymous Visitor', '918459551423', 'Interested in Peshwa Restaurant', 'profile', '2026-02-25 12:34:39'),
  ('dd68348d-6178-47e7-86c8-d6622ec07a30', 'c1ab4c4a-cf1a-41c9-8b80-f7ddb6ff413c', 'Anonymous Visitor', '918888083186', 'Interested in अहिल्या कलेक्शन', 'profile', '2026-02-25 12:35:06'),
  ('a2ad0501-2e69-4941-95eb-dc2a43b42d1c', '31ee3cc5-d367-4383-b37d-4ac397139212', 'Anonymous Visitor', '917038164836', 'Interested in Asawari Collection', 'profile', '2026-02-25 12:35:24'),
  ('f4eb9fe2-238c-4e43-9458-8bd1b3b9dc56', '1208d8ee-39e5-474a-a702-ddcf94d1f870', 'Anonymous Visitor', '919403193041', 'Interested in Yeolekar Garments', 'profile', '2026-02-25 12:35:28'),
  ('6205d9f8-6bf0-4002-b837-b8e89c50317c', '39b95bb8-7076-40b0-a800-f5194c4b10d5', 'Anonymous Visitor', '919765613166', 'Interested in A K Reality', 'profile', '2026-02-25 12:38:39'),
  ('ec7c4132-a27e-46b0-9c56-e019de57b131', '1ab29b34-555d-4bc8-a133-4a3685c8c60f', 'Anonymous Visitor', '919422714975', 'Interested in Shitalfoods', 'profile', '2026-02-26 04:01:05'),
  ('4dbdd157-01b5-4210-a5b1-5e54eaaed96f', '4b63fc06-e356-4963-8d7c-fa0d1c6ed370', 'Anonymous Visitor', '919921265043', 'Interested in SN Digital Marketing', 'profile', '2026-02-26 04:25:36'),
  ('bf4924e6-8bf9-4812-811d-00140c81172a', '1ab29b34-555d-4bc8-a133-4a3685c8c60f', 'Anonymous Visitor', '919422714975', 'Interested in Shitalfoods', 'profile', '2026-02-26 04:29:03'),
  ('2a00117e-9c3d-4773-b71b-0bd600da29d5', '78dce21c-7543-4c49-81c7-62a1e062379c', 'Anonymous Visitor', '917276505569', 'Interested in Pushkar Lakhote', 'profile', '2026-02-26 04:53:07'),
  ('c903e42d-a8ee-4aa6-8ad1-f128eb7a8e07', '8bf65725-d4d6-4249-8d08-ac9794998e04', 'Anonymous Visitor', '919967504303', 'Interested in HV ASSOCIATES', 'profile', '2026-02-26 05:09:27'),
  ('5885f797-1b1e-4d83-a9b0-0dbaa3aede27', '2b6d0401-bdb6-4cc3-80e7-0893fed952c9', 'Anonymous Visitor', '919822042064', 'Interested in SaP IT Solutions', 'profile', '2026-02-26 05:11:47'),
  ('d617ffd9-2f81-4b15-8f8e-0f5c4cd15862', '8bf65725-d4d6-4249-8d08-ac9794998e04', 'Anonymous Visitor', '919967504303', 'Interested in HV ASSOCIATES', 'profile', '2026-02-26 06:15:15'),
  ('bdf0d9ea-6de5-4b50-ad9e-499792d0fe19', 'c58ca080-a5c4-4865-b3d4-4e6716f861a8', 'Anonymous Visitor', '917709007306', 'Interested in Vipra krushi udyog', 'profile', '2026-02-26 06:18:27'),
  ('3b136140-49e1-417f-ad89-97d4d4d9e145', '1ab29b34-555d-4bc8-a133-4a3685c8c60f', 'Anonymous Visitor', '919422714975', 'Interested in Shitalfoods', 'profile', '2026-03-05 06:33:32')
ON DUPLICATE KEY UPDATE
  business_id = VALUES(business_id),
  name = VALUES(name),
  phone = VALUES(phone),
  message = VALUES(message),
  source = VALUES(source),
  created_at = VALUES(created_at)
;

INSERT INTO listing_plans (id, name, price_label, short_label, description, features) VALUES
  ('basic', 'Basic listing', 'Listing at Rs 120/-', 'Basic', 'A starter plan for local visibility on Namaste Bharat.', '["Listing on Namaste Bharat Portal","Basic Marketing Tools"]'),
  ('premium', 'Premium listing', 'Rs 3,000 / 1 year', 'Premium', 'A promotion-focused plan for stronger reach and lead flow.', '["Business listing on the Namaste Bharat portal","100+ customer leads","Customer enquiries directly on WhatsApp","Effective digital promotion","Mini website facility","Trusted and secure service"]')
ON DUPLICATE KEY UPDATE
  name = VALUES(name),
  price_label = VALUES(price_label),
  short_label = VALUES(short_label),
  description = VALUES(description),
  features = VALUES(features)
;

SET FOREIGN_KEY_CHECKS = 1;
